"Address","Content Type","Size (bytes)","IMG Inlinks","Indexability","Indexability Status","Dimensions"
"https://anchoredtidesrecovery.com/wp-content/uploads/2021/06/Tracy-Dunn.png","image/png","49789","551","Indexable","",""
"https://anchoredtidesrecovery.com/wp-content/uploads/2021/06/Screen-Shot-2021-06-18-at-19.17.01.jpg","image/jpeg","53285","1","Indexable","",""
"https://anchoredtidesrecovery.com/wp-content/uploads/2024/11/ComPsych-provider-150x150.jpg","image/jpeg","5829","17","Indexable","",""
"https://anchoredtidesrecovery.com/wp-content/uploads/2021/02/UMR-LOGO-1-150x150.png","image/png","2522","18","Indexable","",""
"https://anchoredtidesrecovery.com/wp-content/uploads/2024/04/Anthem-Pathways-Logo-1-1-150x150.webp","image/webp","4730","17","Indexable","",""
"https://anchoredtidesrecovery.com/wp-content/uploads/2020/02/atr-20-300x200.jpg","image/jpeg","8086","23","Indexable","",""
"https://anchoredtidesrecovery.com/wp-content/uploads/2020/02/atr-22-300x200.jpg","image/jpeg","12730","23","Indexable","",""
"https://anchoredtidesrecovery.com/wp-content/uploads/2022/12/ChristianGibbs-500x500.jpeg","image/jpeg","86953","550","Indexable","",""
"https://anchoredtidesrecovery.com/wp-content/uploads/2025/12/Anchored-Tides-Recovery-staff-Zoe-500x500.jpg","image/jpeg","38357","4","Indexable","",""
"https://anchoredtidesrecovery.com/wp-content/uploads/2021/06/William-Nephew.jpg","image/jpeg","20078","550","Indexable","",""
"https://anchoredtidesrecovery.com/wp-content/uploads/elementor/thumbs/psychology-today-badge-qsuv6vn1hdytm89rzjju43240h71mct6ph6rl4ywao.png","image/png","17251","549","Indexable","",""
"https://anchoredtidesrecovery.com/wp-content/uploads/2024/04/NAATP-logo-sq-300px-150x150.png","image/png","7618","549","Indexable","",""
"https://anchoredtidesrecovery.com/wp-content/uploads/2020/06/atr-logo-white.png","image/png","4151","549","Indexable","",""
"https://anchoredtidesrecovery.com/wp-content/uploads/2024/05/Anchored-Tides-Recovery-Eating-Disorder-Program-Treatment-491x500.png","image/png","255795","551","Indexable","",""
"https://anchoredtidesrecovery.com/wp-content/uploads/2024/05/Anchored-Tides-Recovery-Kelly-Blasco-Registered-Dietitian-Nutritionist-Eating-Disorder-Specialist.webp","image/webp","216654","551","Indexable","",""
"https://anchoredtidesrecovery.com/wp-content/uploads/2024/07/Anchored-Tides-Recovery-Medical-Director-Dr.-Sanchez.png","image/png","110134","550","Indexable","",""
"https://anchoredtidesrecovery.com/wp-content/uploads/2024/11/Trauma-Support-two-women-hugging.webp","image/webp","61150","26","Indexable","",""
"https://anchoredtidesrecovery.com/wp-content/uploads/2019/12/jcaho.png","image/png","9026","549","Indexable","",""
"https://anchoredtidesrecovery.com/wp-content/uploads/2024/11/Mental-Health-Treatment-female-support-group.webp","image/webp","40760","26","Indexable","",""
"https://anchoredtidesrecovery.com/wp-content/uploads/2021/06/Kelli-Easley.jpg","image/jpeg","30946","550","Indexable","",""
"https://anchoredtidesrecovery.com/wp-content/uploads/2025/01/Optum-provider-logo-150x150.webp","image/webp","1508","17","Indexable","",""
"https://anchoredtidesrecovery.com/wp-content/uploads/2024/04/Rectangle-1117.png","image/png","764739","0","Indexable","",""
"https://anchoredtidesrecovery.com/wp-content/uploads/2021/06/Screen-Shot-2021-06-29-at-18.42.06.png","image/png","260076","1","Indexable","",""
"https://anchoredtidesrecovery.com/wp-content/uploads/2020/06/logo_main-01.png","image/png","11152","549","Indexable","",""
"https://anchoredtidesrecovery.com/wp-content/uploads/2024/04/Regence-logo-300x300px-150x150.jpeg","image/jpeg","2514","17","Indexable","",""
"https://anchoredtidesrecovery.com/wp-content/uploads/2024/04/Premera-logo-150x150.png","image/png","6061","17","Indexable","",""
"https://anchoredtidesrecovery.com/wp-content/uploads/2024/04/Aetna-Provider-150x150.png","image/png","5671","17","Indexable","",""
"https://anchoredtidesrecovery.com/wp-content/uploads/2021/06/Screen-Shot-2021-06-29-at-18.42.06-500x500.png","image/png","86994","1","Indexable","",""
"https://anchoredtidesrecovery.com/wp-content/uploads/2020/02/atr-8-300x200.jpg","image/jpeg","14436","23","Indexable","",""
"https://anchoredtidesrecovery.com/wp-content/uploads/2020/02/atr-14.jpg","image/jpeg","212266","0","Indexable","",""
"https://anchoredtidesrecovery.com/wp-content/uploads/2024/04/Horizon-logo-300x300px-150x150.png","image/png","5792","17","Indexable","",""
"https://anchoredtidesrecovery.com/wp-content/uploads/2022/12/HillaryDelira2022-500x500.jpg","image/jpeg","103479","550","Indexable","",""
"https://anchoredtidesrecovery.com/wp-content/uploads/2020/02/atr-circle-2.png","image/png","99920","33","Indexable","",""
"https://anchoredtidesrecovery.com/wp-content/uploads/2020/02/atr-22.jpg","image/jpeg","127414","0","Indexable","",""
"https://anchoredtidesrecovery.com/wp-content/uploads/2020/02/atr-16-300x200.jpg","image/jpeg","16219","23","Indexable","",""
"https://anchoredtidesrecovery.com/wp-content/uploads/2020/02/atr-14-300x200.jpg","image/jpeg","17965","23","Indexable","",""
"https://anchoredtidesrecovery.com/wp-content/uploads/2020/02/atr-13-300x200.jpg","image/jpeg","12551","23","Indexable","",""
"https://anchoredtidesrecovery.com/wp-content/uploads/2022/12/JenniferHojnacki2022-500x500.jpg","image/jpeg","100086","550","Indexable","",""
"https://anchoredtidesrecovery.com/wp-content/uploads/2021/02/GEHALOGO-1-150x150.png","image/png","997","17","Indexable","",""
"https://anchoredtidesrecovery.com/wp-content/uploads/2024/04/happy-caucasian-young-woman-enjoying-summer-sunset-2023-11-27-05-13-52-utc-1-scaled.jpg","image/jpeg","385622","1","Indexable","",""
"https://anchoredtidesrecovery.com/wp-content/uploads/2024/11/Detox-and-Residential-group-of-happy-supported-women.png","image/png","467764","26","Indexable","",""
"https://anchoredtidesrecovery.com/wp-content/uploads/2020/02/atr-circle-3-500x500.png","image/png","78744","551","Indexable","",""
"https://anchoredtidesrecovery.com/wp-content/uploads/2024/04/Rectangle-1117-500x500.png","image/png","583871","1","Indexable","",""
"https://anchoredtidesrecovery.com/wp-content/uploads/2025/01/NYSHIP-provider-logo-150x150.webp","image/webp","1168","17","Indexable","",""
"https://anchoredtidesrecovery.com/wp-content/uploads/2021/06/Screen-Shot-2021-06-18-at-19.17.01-500x500-1.jpg","image/jpeg","19556","1","Indexable","",""
"https://anchoredtidesrecovery.com/wp-content/uploads/2024/05/Anchored-Tides-Recovery-Alisa-Fienmann-Case-Manager.webp","image/webp","484570","550","Indexable","",""
"https://anchoredtidesrecovery.com/wp-content/uploads/2024/04/UHC-Insurance-Provider-150x150.png","image/png","8125","17","Indexable","",""
"https://anchoredtidesrecovery.com/wp-content/uploads/2021/07/Screen-Shot-2021-07-02-at-18.47.29.png","image/png","1174071","0","Indexable","",""
"https://anchoredtidesrecovery.com/wp-content/uploads/2024/11/Substance-Abuse-Treatment-circle-of-women-supporting-each-other.webp","image/webp","58276","26","Indexable","",""
"https://anchoredtidesrecovery.com/wp-content/uploads/2023/06/Markie-Maneval.png","image/png","189504","551","Indexable","",""
"https://anchoredtidesrecovery.com/wp-content/uploads/2021/06/Macy-Miller.jpg","image/jpeg","29897","550","Indexable","",""
"https://anchoredtidesrecovery.com/wp-content/uploads/2024/04/anthem-pathways-providers-logo-150x150.jpg","image/jpeg","3987","18","Indexable","",""
"https://anchoredtidesrecovery.com/wp-content/uploads/2020/02/atr-13.jpg","image/jpeg","114695","0","Indexable","",""
"https://anchoredtidesrecovery.com/wp-content/uploads/elementor/thumbs/google-reviews-button-qmmb58c2zxsnfr9fd3t8ue5sopkgkr5we9fo0fliio.png","image/png","18944","19","Indexable","",""
"https://anchoredtidesrecovery.com/wp-content/uploads/2024/04/Blue-Shield-CA-1-150x150.png","image/png","10124","17","Indexable","",""
"https://anchoredtidesrecovery.com/wp-content/uploads/2021/02/CIGNA-FINAL-LOGO-1-1-150x150.png","image/png","1769","18","Indexable","",""
"https://anchoredtidesrecovery.com/wp-content/uploads/2023/06/andrew-mouck.png","image/png","185776","550","Indexable","",""
"https://anchoredtidesrecovery.com/wp-content/uploads/2024/12/TriWest-Healthcare-Alliance-logo-150x150.webp","image/webp","1926","17","Indexable","",""
"https://anchoredtidesrecovery.com/wp-content/uploads/2021/10/service_dogs-min.png","image/png","2264262","550","Indexable","",""
"https://anchoredtidesrecovery.com/wp-content/uploads/2022/12/AmyDutton-500x500.jpg","image/jpeg","83790","4","Indexable","",""
"https://anchoredtidesrecovery.com/wp-content/uploads/2024/05/Anchored-Tides-Recovery-Eating-Disorder-Program-Treatment.png","image/png","327441","27","Indexable","",""
"https://anchoredtidesrecovery.com/wp-content/uploads/2021/07/Screen-Shot-2021-07-02-at-18.47.29-500x500.png","image/png","408192","1","Indexable","",""
"https://anchoredtidesrecovery.com/wp-content/uploads/2024/04/Highmark_Logo-1-150x150.png","image/png","5181","17","Indexable","",""
"https://anchoredtidesrecovery.com/wp-content/uploads/2022/12/KatieVanHeerden2022-500x500.jpg","image/jpeg","93980","550","Indexable","",""
"https://anchoredtidesrecovery.com/wp-content/uploads/2022/12/AmyDutton-scaled.jpg","image/jpeg","503900","550","Indexable","",""
"https://anchoredtidesrecovery.com/wp-content/uploads/elementor/thumbs/cropped-logo_anchor-oo14hmalryxtmzv8ahlgw7kjikh23jpd3sh0yfs14e.png","image/png","2115","25","Indexable","",""
"https://anchoredtidesrecovery.com/wp-content/uploads/2020/02/atr-8.jpg","image/jpeg","189115","0","Indexable","",""
"https://anchoredtidesrecovery.com/wp-content/uploads/2021/09/womens-addiction-image-3.png","image/png","27537","551","Indexable","",""
"https://anchoredtidesrecovery.com/wp-content/uploads/2024/05/Anchored_Tides_Recovery_circle.png","image/png","312125","4","Indexable","",""
"https://anchoredtidesrecovery.com/wp-content/uploads/2020/02/atr-20.jpg","image/jpeg","61488","0","Indexable","",""
"https://anchoredtidesrecovery.com/wp-content/uploads/2021/02/jgvjgco-1-150x150.png","image/png","2162","18","Indexable","",""
"https://anchoredtidesrecovery.com/wp-content/uploads/2020/02/atr-16.jpg","image/jpeg","231351","0","Indexable","",""
"https://anchoredtidesrecovery.com/wp-content/uploads/2022/12/MaryamAshraf2022-500x500.jpg","image/jpeg","75935","550","Indexable","",""
"https://anchoredtidesrecovery.com/wp-content/uploads/2025/01/Vivity-by-Anthem-logo-150x150.webp","image/webp","1730","17","Indexable","",""
"https://anchoredtidesrecovery.com/wp-content/uploads/2021/06/Michelle-King.png","image/png","60699","550","Indexable","",""
"https://anchoredtidesrecovery.com/wp-content/uploads/2022/12/BeccaEdge_2022-500x500.jpg","image/jpeg","97492","554","Indexable","",""
"https://anchoredtidesrecovery.com/wp-content/uploads/elementor/thumbs/mint-green-wave-icon-300px-qm8fwlhvf2ofxyadne1qycixim9mb1i1x84syx8m9a.png","image/png","902","220","Indexable","",""
"https://anchoredtidesrecovery.com/wp-content/uploads/2021/07/Screen-Shot-2021-07-23-at-18.53.02.png","image/png","353896","1","Indexable","",""
"https://anchoredtidesrecovery.com/wp-content/uploads/2024/12/Tricare-logo-150x150.webp","image/webp","2646","17","Indexable","",""
"https://anchoredtidesrecovery.com/wp-content/uploads/2025/01/Why-Veterans-and-Active-Military-Need-Specialized-Care-1024x683.webp","image/webp","118074","2","Indexable","",""
"https://i.ytimg.com/vi/ph6zd1DpWhc/hqdefault.jpg","image/jpeg","9418","2","Indexable","",""
"https://anchoredtidesrecovery.com/wp-content/uploads/2023/06/Sierra-Flynn.png","image/png","212997","551","Indexable","",""
"https://anchoredtidesrecovery.com/wp-content/uploads/2024/04/happy-caucasian-young-woman-enjoying-summer-sunset-2023-11-27-05-13-52-utc-1-500x500.jpg","image/jpeg","50366","1","Indexable","",""
"https://anchoredtidesrecovery.com/wp-content/uploads/2020/02/atr-circle-4.png","image/png","96780","34","Indexable","",""
"https://anchoredtidesrecovery.com/wp-content/uploads/elementor/thumbs/dhcs-q0h4n75zqird0o6jz13uqf3hdm8v4s1a0t00hyvx8g.png","image/png","31451","549","Indexable","",""
"https://anchoredtidesrecovery.com/wp-content/uploads/2020/02/atr-circle-3.png","image/png","79425","35","Indexable","",""
"https://anchoredtidesrecovery.com/wp-content/uploads/2021/07/Screen-Shot-2021-07-23-at-18.53.02-500x500.png","image/png","288291","1","Indexable","",""
"https://anchoredtidesrecovery.com/wp-content/uploads/2022/09/atr-circle-4-500x500.webp","image/webp","46664","551","Indexable","",""
"https://anchoredtidesrecovery.com/wp-content/uploads/2021/10/healthscopre_logo-min.png","image/png","21054","2","Indexable","",""
"https://anchoredtidesrecovery.com/wp-content/uploads/2021/09/aetna-logo-big-min-1.png","image/png","4826","2","Indexable","",""
"https://anchoredtidesrecovery.com/wp-content/uploads/2021/06/geha-min.png","image/png","3161","2","Indexable","",""
"https://anchoredtidesrecovery.com/wp-content/uploads/2021/07/Meritain_Aetna-Logo-4-Color-min-768x227.jpg","image/jpeg","20631","1","Indexable","",""
"https://anchoredtidesrecovery.com/wp-content/uploads/2021/09/logo-insurance-bluecross-blueshield.png","image/png","9550","3","Indexable","",""
"https://anchoredtidesrecovery.com/wp-content/uploads/2021/11/Cigna-logo-768x333.jpeg","image/jpeg","22767","2","Indexable","",""
"https://anchoredtidesrecovery.com/wp-content/uploads/2025/11/Anchored-Tides-Recovery-Women-Rehab-in-Huntington-Beach-Relapse-Prevention-Programs-769x1024.jpg","image/jpeg","73406","5","Indexable","",""
"https://anchoredtidesrecovery.com/wp-content/uploads/2024/06/Anchored-Tides-Recovery-female-walking-on-beach.webp","image/webp","75174","1","Indexable","",""
"https://anchoredtidesrecovery.com/wp-content/uploads/2024/03/Womens-Mental-Health-Key-Disorders-and-Support-Options-img.jpg","image/jpeg","68721","1","Indexable","",""
"https://anchoredtidesrecovery.com/wp-content/uploads/2025/10/Begin-Your-Recovery-Journey-Today-1024x683.jpg","image/jpeg","111857","1","Indexable","",""
"https://anchoredtidesrecovery.com/wp-content/uploads/2025/12/Anchored-Tides-Recovery-staff-RobC-500x500.jpg","image/jpeg","46012","1","Indexable","",""
"https://anchoredtidesrecovery.com/wp-content/uploads/2025/12/Anchored-Tides-Recovery-staff-Andy-500x500.jpg","image/jpeg","28426","1","Indexable","",""
"https://anchoredtidesrecovery.com/wp-content/uploads/2025/12/Anchored-Tides-Recovery-staff-MichelleZ-500x500.jpg","image/jpeg","36250","1","Indexable","",""
"https://anchoredtidesrecovery.com/wp-content/uploads/2025/12/Anchored-Tides-Recovery-staff-DustinB.jpg","image/jpeg","503881","1","Indexable","",""
"https://anchoredtidesrecovery.com/wp-content/uploads/2025/12/Anchored-Tides-Recovery-staff-EmmeD-500x500.jpg","image/jpeg","40783","1","Indexable","",""
"https://anchoredtidesrecovery.com/wp-content/uploads/2025/12/Anchored-Tides-Recovery-staff-AshleyI-500x500.jpg","image/jpeg","40484","1","Indexable","",""
"https://anchoredtidesrecovery.com/wp-content/uploads/2024/05/Anchored-Tides-Recovery-Alisa-Fienmann-Case-Manager-500x500.webp","image/webp","58688","1","Indexable","",""
"https://anchoredtidesrecovery.com/wp-content/uploads/2025/12/Anchored-Tides-Recovery-staff-Rene-500x500.jpg","image/jpeg","45588","1","Indexable","",""
"https://anchoredtidesrecovery.com/wp-content/uploads/2025/12/Anchored-Tides-Recovery-staff-Sylvia-500x500.jpg","image/jpeg","40892","1","Indexable","",""
"https://anchoredtidesrecovery.com/wp-content/uploads/2025/12/Anchored-Tides-Recovery-staff-Nichole-500x500.jpg","image/jpeg","38348","1","Indexable","",""
"https://anchoredtidesrecovery.com/wp-content/uploads/2024/07/Anchored-Tides-Recovery-Medical-Director-Dr.-Sanchez-headshot-500x500.jpg","image/jpeg","43889","1","Indexable","",""
"https://anchoredtidesrecovery.com/wp-content/uploads/2025/12/Anchored-Tides-Recovery-staff-KateS-500x500.jpg","image/jpeg","47906","1","Indexable","",""
"https://anchoredtidesrecovery.com/wp-content/uploads/2024/11/Why-Choose-Womens-Only-Rehab-women-in-group-therapy-1024x749.webp","image/webp","59404","1","Indexable","",""
"https://anchoredtidesrecovery.com/wp-content/uploads/2024/12/Developing-a-Support-System-happy-group-of-friends.webp","image/webp","184398","1","Indexable","",""
"https://anchoredtidesrecovery.com/wp-content/uploads/2024/12/Tricare-logo.webp","image/webp","8694","1","Indexable","",""
"https://anchoredtidesrecovery.com/wp-content/uploads/2024/12/TriWest-Healthcare-Alliance-logo.webp","image/webp","6710","1","Indexable","",""
"https://anchoredtidesrecovery.com/wp-content/uploads/2025/01/Why-Veterans-and-Active-Military-Need-Specialized-Care-768x512.webp","image/webp","71738","1","Indexable","",""
"https://anchoredtidesrecovery.com/wp-content/uploads/2025/06/Partner-With-Us-IOP-Referrals-for-Women-in-Recovery-683x1024.webp","image/webp","46206","1","Indexable","",""
"https://anchoredtidesrecovery.com/wp-content/uploads/2024/04/atr-14-768x513.jpg","image/jpeg","102369","1","Indexable","",""
"https://anchoredtidesrecovery.com/wp-content/uploads/2025/01/What-Is-Substance-Abuse-Treatment-family-support-768x576.webp","image/webp","72412","1","Indexable","",""
"https://anchoredtidesrecovery.com/wp-content/uploads/2024/04/atr-14-1024x684.jpg","image/jpeg","165147","1","Indexable","",""
"https://anchoredtidesrecovery.com/wp-content/uploads/2024/04/atr-8-768x513.jpg","image/jpeg","86340","1","Indexable","",""
"https://anchoredtidesrecovery.com/wp-content/uploads/2025/05/Why-Choose-a-Women-Only-PHP-768x1059.webp","image/webp","111278","1","Indexable","",""
"https://anchoredtidesrecovery.com/wp-content/uploads/2025/06/Referral-Partnerships-Trusted-PHP-Care-for-Women-640x1024.webp","image/webp","97832","1","Indexable","",""
"https://anchoredtidesrecovery.com/wp-content/uploads/2024/12/Developing-a-Support-System-happy-group-of-friends-1024x576.webp","image/webp","77414","1","Indexable","",""
"https://anchoredtidesrecovery.com/wp-content/uploads/2024/08/Anchored-Tides-Recovery-resources-team-of-professionals-1024x683.webp","image/webp","60956","4","Indexable","",""
"https://anchoredtidesrecovery.com/wp-content/uploads/2024/04/Ellipse-42.png","image/png","174681","2","Indexable","",""
"https://anchoredtidesrecovery.com/wp-content/uploads/2021/03/photo.png","image/png","880","1","Indexable","",""
"https://anchoredtidesrecovery.com/wp-content/uploads/2021/03/unnamed-3.png","image/png","8024","1","Indexable","",""
"https://anchoredtidesrecovery.com/wp-content/uploads/2025/02/common-suicide-risk-factors-like-depression-PTSD-substance-abuse-and-a-history-of-trauma.webp","image/webp","68656","1","Indexable","",""
"https://anchoredtidesrecovery.com/wp-content/uploads/2024/05/Anchored-Tides-Recovery-eating-disorder.webp","image/webp","112884","1","Indexable","",""
"https://anchoredtidesrecovery.com/wp-content/uploads/2020/02/atr-19.jpg","image/jpeg","179679","0","Indexable","",""
"https://anchoredtidesrecovery.com/wp-content/uploads/2020/02/atr-10a.jpg","image/jpeg","100331","0","Indexable","",""
"https://anchoredtidesrecovery.com/wp-content/uploads/2020/02/atr-7.jpg","image/jpeg","188736","0","Indexable","",""
"https://anchoredtidesrecovery.com/wp-content/uploads/2020/02/atr-2.jpg","image/jpeg","136032","0","Indexable","",""
"https://anchoredtidesrecovery.com/wp-content/uploads/2020/02/atr-23.jpg","image/jpeg","49779","0","Indexable","",""
"https://anchoredtidesrecovery.com/wp-content/uploads/2020/02/atr-9-500x500.jpg","image/jpeg","66541","1","Indexable","",""
"https://anchoredtidesrecovery.com/wp-content/uploads/2020/02/atr-18.jpg","image/jpeg","79687","0","Indexable","",""
"https://anchoredtidesrecovery.com/wp-content/uploads/2020/02/atr-21.jpg","image/jpeg","67695","0","Indexable","",""
"https://anchoredtidesrecovery.com/wp-content/uploads/2020/02/atr-17.jpg","image/jpeg","131234","0","Indexable","",""
"https://anchoredtidesrecovery.com/wp-content/uploads/2020/02/atr-3.jpg","image/jpeg","208854","0","Indexable","",""
"https://anchoredtidesrecovery.com/wp-content/uploads/2020/02/atr-16-500x500.jpg","image/jpeg","63535","1","Indexable","",""
"https://anchoredtidesrecovery.com/wp-content/uploads/2020/02/atr-9.jpg","image/jpeg","239552","0","Indexable","",""
"https://anchoredtidesrecovery.com/wp-content/uploads/2020/02/atr-17-500x500.jpg","image/jpeg","44019","1","Indexable","",""
"https://anchoredtidesrecovery.com/wp-content/uploads/2020/02/atr-18-500x500.jpg","image/jpeg","28799","1","Indexable","",""
"https://anchoredtidesrecovery.com/wp-content/uploads/2020/02/atr-2-500x500.jpg","image/jpeg","38637","1","Indexable","",""
"https://anchoredtidesrecovery.com/wp-content/uploads/2020/02/atr-14-500x500.jpg","image/jpeg","62804","1","Indexable","",""
"https://anchoredtidesrecovery.com/wp-content/uploads/2020/02/atr-22-500x500.jpg","image/jpeg","44456","1","Indexable","",""
"https://anchoredtidesrecovery.com/wp-content/uploads/2020/02/atr-19-500x500.jpg","image/jpeg","49910","1","Indexable","",""
"https://anchoredtidesrecovery.com/wp-content/uploads/2020/02/atr-12.jpg","image/jpeg","96100","0","Indexable","",""
"https://anchoredtidesrecovery.com/wp-content/uploads/2020/02/atr-23-500x500.jpg","image/jpeg","17560","1","Indexable","",""
"https://anchoredtidesrecovery.com/wp-content/uploads/2020/02/atr-12-500x500.jpg","image/jpeg","29776","1","Indexable","",""
"https://anchoredtidesrecovery.com/wp-content/uploads/2020/02/atr-8-500x500.jpg","image/jpeg","55573","1","Indexable","",""
"https://anchoredtidesrecovery.com/wp-content/uploads/2020/02/atr-7-500x500.jpg","image/jpeg","59769","1","Indexable","",""
"https://anchoredtidesrecovery.com/wp-content/uploads/2020/02/atr-6-500x500.jpg","image/jpeg","54377","1","Indexable","",""
"https://anchoredtidesrecovery.com/wp-content/uploads/2020/02/atr-20-500x500.jpg","image/jpeg","22089","1","Indexable","",""
"https://anchoredtidesrecovery.com/wp-content/uploads/2020/02/atr-5.jpg","image/jpeg","169295","0","Indexable","",""
"https://anchoredtidesrecovery.com/wp-content/uploads/2020/02/atr-21-500x500.jpg","image/jpeg","22329","1","Indexable","",""
"https://anchoredtidesrecovery.com/wp-content/uploads/2020/02/atr-10a-500x500.jpg","image/jpeg","37234","1","Indexable","",""
"https://anchoredtidesrecovery.com/wp-content/uploads/2020/02/atr-3-500x500.jpg","image/jpeg","62932","1","Indexable","",""
"https://anchoredtidesrecovery.com/wp-content/uploads/2020/02/atr-6.jpg","image/jpeg","174296","0","Indexable","",""
"https://anchoredtidesrecovery.com/wp-content/uploads/2020/02/atr-5-500x500.jpg","image/jpeg","46561","1","Indexable","",""
"https://anchoredtidesrecovery.com/wp-content/uploads/2021/11/W3.jpeg","image/jpeg","110369","1","Indexable","",""
"https://anchoredtidesrecovery.com/wp-content/uploads/2021/11/Screen-Shot-2021-11-12-at-18.01.23.png","image/png","405896","1","Indexable","",""
"https://anchoredtidesrecovery.com/wp-content/uploads/2022/03/daniel-cabanas-LNwdcoBfZxo-unsplash-1024x683.jpg","image/jpeg","93857","1","Indexable","",""
"https://anchoredtidesrecovery.com/wp-content/uploads/2022/03/Screen-Shot-2022-03-01-at-17.52.29-1024x571.png","image/png","511524","1","Indexable","",""
"https://anchoredtidesrecovery.com/wp-content/uploads/2022/05/can-nausea-be-caused-by-anxiety-and-how-to-stop-throwing-up-from-anxiety_5fab33c11b3c7.jpg","image/jpeg","28423","1","Indexable","",""
"https://anchoredtidesrecovery.com/wp-content/uploads/2024/01/Fentanyl-Addiction-FAQs-img.jpg","image/jpeg","107062","2","Indexable","",""
"https://anchoredtidesrecovery.com/wp-content/uploads/2021/07/Screen-Shot-2021-07-09-at-19.49.28.png","image/png","688177","1","Indexable","",""
"https://anchoredtidesrecovery.com/wp-content/uploads/2021/07/20.jpg","image/jpeg","357446","1","Indexable","",""
"https://anchoredtidesrecovery.com/wp-content/uploads/2021/07/Screen-Shot-2021-07-09-at-19.49.52-294x300.png","image/png","103482","1","Indexable","",""
"https://anchoredtidesrecovery.com/wp-content/uploads/2023/12/Understanding-the-Spike-in-Drug-and-Alcohol-Use-During-the-Holidays-tray-of-holiday-alcohol-drinks-1024x576.webp","image/webp","91322","1","Indexable","",""
"https://anchoredtidesrecovery.com/wp-content/uploads/2022/02/How-to-Talk-to-My-Partner-About-Being-in-Recovery.jpg","image/jpeg","127564","1","Indexable","",""
"https://anchoredtidesrecovery.com/wp-content/uploads/2022/02/Screen-Shot-2022-02-02-at-17.09.11.png","image/png","406381","1","Indexable","",""
"https://anchoredtidesrecovery.com/wp-content/uploads/2021/09/who-care-image-2.png","image/png","296751","1","Indexable","",""
"https://anchoredtidesrecovery.com/wp-content/uploads/2022/04/Adventure-Therapy.jpg","image/jpeg","121637","1","Indexable","",""
"https://anchoredtidesrecovery.com/wp-content/uploads/2022/04/aetna-logo-1024x597.jpg","image/jpeg","23636","1","Indexable","",""
"https://anchoredtidesrecovery.com/wp-content/uploads/2022/04/sober-living-1024x512.jpg","image/jpeg","104098","1","Indexable","",""
"https://anchoredtidesrecovery.com/wp-content/uploads/2022/04/Medication-Assisted-Treatment-1024x554.jpg","image/jpeg","65005","1","Indexable","",""
"https://anchoredtidesrecovery.com/wp-content/uploads/2022/04/cigna-logo-1024x426.jpg","image/jpeg","37493","1","Indexable","",""
"https://anchoredtidesrecovery.com/wp-content/uploads/2022/04/bcbs-logo.png","image/png","13557","1","Indexable","",""
"https://anchoredtidesrecovery.com/wp-content/uploads/2021/08/a-1-1.jpeg","image/jpeg","156761","1","Indexable","",""
"https://anchoredtidesrecovery.com/wp-content/uploads/2021/08/Screen-Shot-2021-08-20-at-18.04.44.png","image/png","673306","1","Indexable","",""
"https://anchoredtidesrecovery.com/wp-content/uploads/2021/03/common-triggers-for-relapse-on-drugs-and-alcohols-1024x538.jpeg","image/jpeg","36903","1","Indexable","",""
"https://anchoredtidesrecovery.com/wp-content/uploads/2022/03/Screen-Shot-2022-03-25-at-17.56.44.png","image/png","913220","1","Indexable","",""
"https://anchoredtidesrecovery.com/wp-content/uploads/2022/03/ATR-8.png","image/png","342086","1","Indexable","",""
"https://anchoredtidesrecovery.com/wp-content/uploads/2023/10/Anchored-Tides-Recovery-woman-about-to-snort-cocaine-768x511.webp","image/webp","26470","1","Indexable","",""
"https://anchoredtidesrecovery.com/wp-content/uploads/2023/10/Anchored-Tides-Recovery-SUD-cocaine-1024x684.webp","image/webp","56242","1","Indexable","",""
"https://anchoredtidesrecovery.com/wp-content/uploads/2021/05/Screen-Shot-2021-05-17-at-18.57.37.jpg","image/jpeg","115364","1","Indexable","",""
"https://anchoredtidesrecovery.com/wp-content/uploads/2021/05/Hard-to-swallow.jpeg","image/jpeg","77815","1","Indexable","",""
"https://anchoredtidesrecovery.com/wp-content/uploads/2021/05/Screen-Shot-2021-05-17-at-18.57.53.jpg","image/jpeg","71010","1","Indexable","",""
"https://anchoredtidesrecovery.com/wp-content/uploads/2021/05/Screen-Shot-2021-05-17-at-18.58.14.jpg","image/jpeg","37646","1","Indexable","",""
"https://anchoredtidesrecovery.com/wp-content/uploads/2021/09/Mustang-Car-By-the-Ocean-300x200.png","image/png","37025","1","Indexable","",""
"https://anchoredtidesrecovery.com/wp-content/uploads/2021/09/Screen-Shot-2021-09-17-at-5.04.48-PM-300x157.png","image/png","26405","1","Indexable","",""
"https://anchoredtidesrecovery.com/wp-content/uploads/2021/10/Screen-Shot-2021-10-29-at-19.48.10.png","image/png","401164","1","Indexable","",""
"https://anchoredtidesrecovery.com/wp-content/uploads/2021/10/gg.jpeg","image/jpeg","80886","1","Indexable","",""
"https://anchoredtidesrecovery.com/wp-content/uploads/2022/02/Screen-Shot-2022-02-15-at-20.56.06.png","image/png","497335","1","Indexable","",""
"https://anchoredtidesrecovery.com/wp-content/uploads/2022/02/blog-1-01-scaled.jpg","image/jpeg","184958","1","Indexable","",""
"https://anchoredtidesrecovery.com/wp-content/uploads/2024/02/The-Ultimate-Guide-to-THC-Detox-img-jpg.webp","image/webp","60240","1","Indexable","",""
"https://anchoredtidesrecovery.com/wp-content/uploads/2021/09/newHeader-300x133.jpg","image/jpeg","8530","1","Indexable","",""
"https://anchoredtidesrecovery.com/wp-content/uploads/2024/01/How-a-Womens-Only-Addiction-Treatment-Center-Can-Help-You-image-jpg.webp","image/webp","96010","1","Indexable","",""
"https://anchoredtidesrecovery.com/wp-content/uploads/2021/12/Treatment-for-Behavioral-Addictions-in-Women-1024x609.png","image/png","230764","1","Indexable","",""
"https://anchoredtidesrecovery.com/wp-content/uploads/2021/03/Screen-Shot-2021-03-27-at-00.50.05.png","image/png","243858","1","Indexable","",""
"https://anchoredtidesrecovery.com/wp-content/uploads/2021/03/co-occuring-disorder-treatment-for-suubstance-use-disorders-1024x538.jpeg","image/jpeg","58449","1","Indexable","",""
"https://anchoredtidesrecovery.com/wp-content/uploads/2024/01/Women-Only-Addiction-Treatment-in-Huntington-Beach-sunset-at-the-Hungtington-Beach-Pier.webp","image/webp","115004","1","Indexable","",""
"https://anchoredtidesrecovery.com/wp-content/uploads/2021/06/Screen-Shot-2021-06-07-at-20.49.00.jpg","image/jpeg","76389","1","Indexable","",""
"https://anchoredtidesrecovery.com/wp-content/uploads/2021/06/Screen-Shot-2021-06-07-at-20.48.52.jpg","image/jpeg","55858","1","Indexable","",""
"https://anchoredtidesrecovery.com/wp-content/uploads/2021/12/5-ways-1.png","image/png","638505","1","Indexable","",""
"https://anchoredtidesrecovery.com/wp-content/uploads/2021/12/Screen-Shot-2021-12-14-at-22.20.32.png","image/png","107820","1","Indexable","",""
"https://anchoredtidesrecovery.com/wp-content/uploads/2021/05/Womens-rehab-1024x538.jpeg","image/jpeg","43486","1","Indexable","",""
"https://anchoredtidesrecovery.com/wp-content/uploads/2021/05/Screen-Shot-2021-05-21-at-21.34.30.png","image/png","112521","1","Indexable","",""
"https://anchoredtidesrecovery.com/wp-content/uploads/2021/05/Screen-Shot-2021-05-21-at-21.36.04.png","image/png","185729","1","Indexable","",""
"https://anchoredtidesrecovery.com/wp-content/uploads/2021/11/ll.jpeg","image/jpeg","93022","1","Indexable","",""
"https://anchoredtidesrecovery.com/wp-content/uploads/2021/11/Screen-Shot-2021-11-05-at-19.47.41.png","image/png","176993","1","Indexable","",""
"https://anchoredtidesrecovery.com/wp-content/uploads/2021/08/Screen-Shot-2021-08-24-at-17.03.04.png","image/png","335221","1","Indexable","",""
"https://anchoredtidesrecovery.com/wp-content/uploads/2021/08/a-2.jpeg","image/jpeg","159493","1","Indexable","",""
"https://anchoredtidesrecovery.com/wp-content/uploads/2021/06/ADHD.jpeg","image/jpeg","89887","1","Indexable","",""
"https://anchoredtidesrecovery.com/wp-content/uploads/2021/06/Screen-Shot-2021-06-26-at-01.43.42.jpg","image/jpeg","72821","1","Indexable","",""
"https://anchoredtidesrecovery.com/wp-content/uploads/2021/06/Screen-Shot-2021-06-26-at-01.43.33.jpg","image/jpeg","89701","1","Indexable","",""
"https://anchoredtidesrecovery.com/wp-content/uploads/2021/05/Screen-Shot-2021-05-31-at-21.19.16.jpg","image/jpeg","43709","1","Indexable","",""
"https://anchoredtidesrecovery.com/wp-content/uploads/2021/05/Screen-Shot-2021-05-31-at-21.18.48.jpg","image/jpeg","27307","1","Indexable","",""
"https://anchoredtidesrecovery.com/wp-content/uploads/2021/05/Screen-Shot-2021-05-31-at-21.18.58.jpg","image/jpeg","54710","1","Indexable","",""
"https://anchoredtidesrecovery.com/wp-content/uploads/2021/05/how-long-does-marijuana-stays-in-your-system..jpeg","image/jpeg","39803","1","Indexable","",""
"https://anchoredtidesrecovery.com/wp-content/uploads/2021/05/Screen-Shot-2021-05-10-at-16.45.28.jpg","image/jpeg","70519","1","Indexable","",""
"https://anchoredtidesrecovery.com/wp-content/uploads/2021/05/how-a-strong-women.jpeg","image/jpeg","81922","1","Indexable","",""
"https://anchoredtidesrecovery.com/wp-content/uploads/2025/06/PHP-vs-IOP-Outpatient-Programs-1-1024x683.webp","image/webp","41152","2","Indexable","",""
"https://anchoredtidesrecovery.com/wp-content/uploads/2024/10/how-to-help-someone-with-addiction-female-reaching-out-for-support-1024x683.webp","image/webp","59136","1","Indexable","",""
"https://anchoredtidesrecovery.com/wp-content/uploads/2024/10/How-to-Help-Someone-with-Addiction-female-struggling.webp","image/webp","181630","1","Indexable","",""
"https://anchoredtidesrecovery.com/wp-content/uploads/2024/02/Blue-Xanax-Bars-Symptoms-and-Risk-of-Addiction-img-jpg.webp","image/webp","50428","1","Indexable","",""
"https://anchoredtidesrecovery.com/wp-content/uploads/2022/04/Screen-Shot-2022-04-01-at-22.12.37.png","image/png","373354","1","Indexable","",""
"https://anchoredtidesrecovery.com/wp-content/uploads/2022/04/Externalizing-questions-in-Addiction.jpg","image/jpeg","103341","1","Indexable","",""
"https://anchoredtidesrecovery.com/wp-content/uploads/2025/05/What-is-Depression-1024x683.webp","image/webp","39498","1","Indexable","",""
"https://anchoredtidesrecovery.com/wp-content/uploads/2025/05/How-to-Deal-with-Burnout-and-Depression-1024x576.webp","image/webp","35336","1","Indexable","",""
"https://anchoredtidesrecovery.com/wp-content/uploads/2025/05/How-Anchored-Tides-Recovery-Can-Help-group-of-happy-women-1024x683.webp","image/webp","74906","1","Indexable","",""
"https://anchoredtidesrecovery.com/wp-content/uploads/2020/06/Being-a-Sober-Mom-mother-enjoying-time-with-her-twin-boys-1024x799.webp","image/webp","91800","1","Indexable","",""
"https://anchoredtidesrecovery.com/wp-content/uploads/2021/03/The-Impact-of-Heroin-Addiction-on-Mothers-and-Children-1024x538.jpeg","image/jpeg","69483","1","Indexable","",""
"https://anchoredtidesrecovery.com/wp-content/uploads/2020/06/Becoming-a-Sober-Mom-mother-sharing-smiles-with-baby-girl-1024x673.webp","image/webp","48476","1","Indexable","",""
"https://anchoredtidesrecovery.com/wp-content/uploads/2021/06/services.jpeg","image/jpeg","66587","1","Indexable","",""
"https://anchoredtidesrecovery.com/wp-content/uploads/2021/06/drugs-1.jpg","image/jpeg","41704","1","Indexable","",""
"https://anchoredtidesrecovery.com/wp-content/uploads/2021/06/Screen-Shot-2021-06-22-at-18.01.06.jpg","image/jpeg","55347","1","Indexable","",""
"https://anchoredtidesrecovery.com/wp-content/uploads/2021/06/Screen-Shot-2021-06-22-at-18.01.19-198x300-1.jpg","image/jpeg","13032","1","Indexable","",""
"https://anchoredtidesrecovery.com/wp-content/uploads/2022/02/Screen-Shot-2022-02-11-at-18.05.53.png","image/png","242421","1","Indexable","",""
"https://anchoredtidesrecovery.com/wp-content/uploads/2022/02/atr-3.png","image/png","120094","1","Indexable","",""
"https://anchoredtidesrecovery.com/wp-content/uploads/2024/09/Am-I-Becoming-an-Alcoholic-Recognize-the-Signs-and-Get-Help-female-depressed-and-drinking-alcohol.webp","image/webp","116650","1","Indexable","",""
"https://anchoredtidesrecovery.com/wp-content/uploads/2024/09/Frequently-Asked-Questions-About-Alcoholism-and-Treatment-frustrated-business-woman-1024x683.webp","image/webp","29798","1","Indexable","",""
"https://anchoredtidesrecovery.com/wp-content/uploads/2021/08/Blogs-2.jpg-2.jpg","image/jpeg","164707","1","Indexable","",""
"https://anchoredtidesrecovery.com/wp-content/uploads/2024/12/How-to-Help-Your-Daughter-With-Drug-Addiction-mother-and-daughter-confrontation-1024x683.webp","image/webp","55654","1","Indexable","",""
"https://anchoredtidesrecovery.com/wp-content/uploads/2024/01/Women-Only-Addiction-Treatment-in-Huntington-Beach-img.jpg","image/jpeg","78562","2","Indexable","",""
"https://anchoredtidesrecovery.com/wp-content/uploads/2024/10/sober-living-for-women-in-huntington-beach-CA-1024x682.webp","image/webp","65296","1","Indexable","",""
"https://anchoredtidesrecovery.com/wp-content/uploads/2021/09/what-is-a-spiritual-awakening-in-recovery-1024x538.webp","image/webp","37002","1","Indexable","",""
"https://anchoredtidesrecovery.com/wp-content/uploads/2021/09/Spiritual-Awakening-stack-of-pebbles-on-the-beach-768x465.webp","image/webp","13820","1","Indexable","",""
"https://anchoredtidesrecovery.com/wp-content/uploads/2024/08/spirituality-in-recovery-female-in-lotus-position-295x300.webp","image/webp","12390","1","Indexable","",""
"https://anchoredtidesrecovery.com/wp-content/uploads/2024/08/spirituality-and-sobriety-spirituality-in-recovery-a-group-of-females-with-eyes-closed-1024x540.webp","image/webp","33606","1","Indexable","",""
"https://anchoredtidesrecovery.com/wp-content/uploads/2025/11/Opioid-Relapse-in-Women-Understanding-the-Risks-and-Rebuilding-Recovery-1024x683.jpg","image/jpeg","42537","1","Indexable","",""
"https://anchoredtidesrecovery.com/wp-content/uploads/2021/08/Screen-Shot-2021-08-06-at-20.26.06.png","image/png","97828","1","Indexable","",""
"https://anchoredtidesrecovery.com/wp-content/uploads/2021/08/Screen-Shot-2021-08-06-at-20.26.17.png","image/png","884282","1","Indexable","",""
"https://anchoredtidesrecovery.com/wp-content/uploads/2021/10/Anchored-Tides-Recovery-chronic-pain-woman-getting-acupuncture-768x497.webp","image/webp","27408","1","Indexable","",""
"https://anchoredtidesrecovery.com/wp-content/uploads/2021/10/Anchored-Tides-Recovery-living-with-chronic-pain-768x403.webp","image/webp","20832","1","Indexable","",""
"https://anchoredtidesrecovery.com/wp-content/uploads/2021/12/Screen-Shot-2021-12-31-at-22.05.36.png","image/png","443755","1","Indexable","",""
"https://anchoredtidesrecovery.com/wp-content/uploads/2021/12/ATR.jpg","image/jpeg","97717","1","Indexable","",""
"https://anchoredtidesrecovery.com/wp-content/uploads/2021/09/fetal.jpeg","image/jpeg","117062","1","Indexable","",""
"https://anchoredtidesrecovery.com/wp-content/uploads/2021/09/Screen-Shot-2021-09-07-at-17.26.03.png","image/png","148417","1","Indexable","",""
"https://anchoredtidesrecovery.com/wp-content/uploads/2025/02/How-to-Support-a-Loved-One-with-Dual-Diagnosis-1024x576.webp","image/webp","72554","1","Indexable","",""
"https://anchoredtidesrecovery.com/wp-content/uploads/2025/02/Understanding-Dual-Diagnosis-Treatment-for-Women-female-mental-health-patient-with-depressive-disor-1024x683.webp","image/webp","57262","1","Indexable","",""
"https://anchoredtidesrecovery.com/wp-content/uploads/2021/03/13.jpg","image/jpeg","67276","1","Indexable","",""
"https://anchoredtidesrecovery.com/wp-content/uploads/2021/03/WhatsApp-Image-2021-03-23-at-20.48.20.jpeg","image/jpeg","45325","1","Indexable","",""
"https://anchoredtidesrecovery.com/wp-content/uploads/2021/09/b-1.jpeg","image/jpeg","61315","1","Indexable","",""
"https://anchoredtidesrecovery.com/wp-content/uploads/2021/09/Screen-Shot-2021-09-24-at-17.50.35.png","image/png","249921","1","Indexable","",""
"https://anchoredtidesrecovery.com/wp-content/uploads/2021/09/ATR-Musicians-Beating-Addiction-300x158.jpeg","image/jpeg","13431","1","Indexable","",""
"https://anchoredtidesrecovery.com/wp-content/uploads/2021/09/ATR-Body-Image-Musician-300x200.png","image/png","31608","1","Indexable","",""
"https://anchoredtidesrecovery.com/wp-content/uploads/2021/04/Preparing-Your-Children-When-You-Go-to-Rehab-150x150.jpeg","image/jpeg","5188","1","Indexable","",""
"https://anchoredtidesrecovery.com/wp-content/uploads/2024/12/How-to-Navigate-Addiction-Recovery-During-the-Holiday-Season-present-and-Christmas-decor-300x169-webp.jpg","image/jpeg","17053","1","Indexable","",""
"https://anchoredtidesrecovery.com/wp-content/uploads/2021/04/Screen-Shot-2021-04-05-at-19.00.05.png","image/png","230209","1","Indexable","",""
"https://anchoredtidesrecovery.com/wp-content/uploads/2021/04/Screen-Shot-2021-04-05-at-19.00.23.png","image/png","334173","1","Indexable","",""
"https://anchoredtidesrecovery.com/wp-content/uploads/2021/04/7-ways-being-mindful-for-long-term-soberity-1024x538-1.jpg","image/jpeg","40623","1","Indexable","",""
"https://anchoredtidesrecovery.com/wp-content/uploads/2021/08/a-4-300x158.jpeg","image/jpeg","7893","1","Indexable","",""
"https://anchoredtidesrecovery.com/wp-content/uploads/2026/01/nutrition-in-recovery-300x200-jpg.webp","image/webp","14130","1","Indexable","",""
"https://anchoredtidesrecovery.com/wp-content/uploads/2021/04/Screen-Shot-2021-04-05-at-19.00.43.png","image/png","575807","1","Indexable","",""
"https://anchoredtidesrecovery.com/wp-content/uploads/2026/01/emotional-sobriety-300x200-jpg.webp","image/webp","9732","1","Indexable","",""
"https://anchoredtidesrecovery.com/wp-content/uploads/2021/04/7-ways-being-mindful-for-long-term-soberity.jpg","image/jpeg","54815","1","Indexable","",""
"https://anchoredtidesrecovery.com/wp-content/uploads/2021/07/Meritain_Aetna-Logo-4-Color-min-1024x303.jpg","image/jpeg","29996","1","Indexable","",""
"https://anchoredtidesrecovery.com/wp-content/uploads/2021/11/W2.jpeg","image/jpeg","74486","1","Indexable","",""
"https://anchoredtidesrecovery.com/wp-content/uploads/2021/11/Screen-Shot-2021-11-16-at-16.44.50.png","image/png","133907","1","Indexable","",""
"https://anchoredtidesrecovery.com/wp-content/uploads/2024/01/Types-of-Therapy-for-Addiction-Treatment-img.jpg","image/jpeg","98608","2","Indexable","",""
"https://anchoredtidesrecovery.com/wp-content/uploads/2021/05/Screen-Shot-2021-05-10-at-20.57.58.jpg","image/jpeg","50796","1","Indexable","",""
"https://anchoredtidesrecovery.com/wp-content/uploads/2021/05/Eating-disorder.jpg","image/jpeg","67707","1","Indexable","",""
"https://anchoredtidesrecovery.com/wp-content/uploads/2021/05/Screen-Shot-2021-05-10-at-20.57.43.jpg","image/jpeg","59021","1","Indexable","",""
"https://anchoredtidesrecovery.com/wp-content/uploads/2024/07/Anchored-Tides-Recovery-Huntington-Beach-CA-woman-support-her-daughter-with-eating-768x512.webp","image/webp","29636","1","Indexable","",""
"https://anchoredtidesrecovery.com/wp-content/uploads/2024/07/Anchored-Tides-Recovery-Huntington-Beach-CA-female-with-social-anixety.webp","image/webp","118094","1","Indexable","",""
"https://anchoredtidesrecovery.com/wp-content/uploads/elementor/thumbs/mint-green-wave-icon-300px-qm8fwlhui6lyxc6icbf25y56bds78221elxoeb64n4.png","image/png","902","13","Indexable","",""
"https://anchoredtidesrecovery.com/wp-content/uploads/2023/12/Understanding-the-Spike-in-Drug-and-Alcohol-Use-During-the-Holidays-img-768x512.jpg","image/jpeg","77450","1","Indexable","",""
"https://anchoredtidesrecovery.com/wp-content/uploads/2025/11/Anchored-Tides-Recovery-What-We-Treat-1024x683.jpg","image/jpeg","92092","1","Indexable","",""
"https://anchoredtidesrecovery.com/wp-content/uploads/2024/04/atr-16-1024x684.jpg","image/jpeg","173175","5","Indexable","",""
"https://anchoredtidesrecovery.com/wp-content/uploads/2024/12/Google-logo-200px.png","image/png","2465","7","Indexable","",""
"https://anchoredtidesrecovery.com/wp-content/uploads/2024/03/The-Risks-of-LSD-img.jpg","image/jpeg","67570","1","Indexable","",""
"https://anchoredtidesrecovery.com/wp-content/uploads/2021/10/ee.jpeg","image/jpeg","90978","1","Indexable","",""
"https://anchoredtidesrecovery.com/wp-content/uploads/2021/10/Screen-Shot-2021-10-22-at-18.29.49.png","image/png","258177","1","Indexable","",""
"https://anchoredtidesrecovery.com/wp-content/uploads/2025/05/Journaling-and-Expressive-Writing-in-Recovery-1024x684.webp","image/webp","45100","1","Indexable","",""
"https://anchoredtidesrecovery.com/wp-content/uploads/2024/10/Signs-of-Alcohol-Addiction-female-getting-more-champagne-1024x683.webp","image/webp","38838","1","Indexable","",""
"https://anchoredtidesrecovery.com/wp-content/uploads/2021/02/shutterstock_1739916329-683x1024.jpg","image/jpeg","55150","1","Indexable","",""
"https://anchoredtidesrecovery.com/wp-content/uploads/2024/11/Reach-out-today-to-learn-more-about-our-specialized-programs-for-women.-women-in-group-therapy-1024x683.webp","image/webp","58240","1","Indexable","",""
"https://anchoredtidesrecovery.com/wp-content/uploads/2021/06/Anchored-Tides-Recovery-cycle-of-relapse.webp","image/webp","40208","0","Indexable","",""
"https://anchoredtidesrecovery.com/wp-content/uploads/2021/06/Anchored-Tides-Recovery-relapse-from-recovery-woman-drinking-unhappily.webp","image/webp","163792","1","Indexable","",""
"https://anchoredtidesrecovery.com/wp-content/uploads/2021/06/Anchored-Tides-Recovery-cycle-of-relapse-768x576.webp","image/webp","35696","1","Indexable","",""
"https://anchoredtidesrecovery.com/wp-content/uploads/2023/12/Holiday-Stress-Management-Tips-For-Young-Adults-woman-stressed-1024x682.webp","image/webp","38874","1","Indexable","",""
"https://anchoredtidesrecovery.com/wp-content/uploads/2023/12/Tips-to-Navigate-During-the-Holidays-Santa-Clause-toy-1024x812.webp","image/webp","30896","1","Indexable","",""
"https://anchoredtidesrecovery.com/wp-content/uploads/2021/06/Anchored-Tides-Recovery-depressed-woman-with-whiskey-glass-crying-at-home-768x513.webp","image/webp","25490","1","Indexable","",""
"https://anchoredtidesrecovery.com/wp-content/uploads/2022/01/30.jpg","image/jpeg","145766","1","Indexable","",""
"https://anchoredtidesrecovery.com/wp-content/uploads/2022/01/Screen-Shot-2022-01-11-at-22.06.40.png","image/png","548847","1","Indexable","",""
"https://anchoredtidesrecovery.com/wp-content/uploads/2021/12/Screen-Shot-2021-12-07-at-17.39.42.png","image/png","221570","1","Indexable","",""
"https://anchoredtidesrecovery.com/wp-content/uploads/2021/12/1-22.jpeg","image/jpeg","182751","1","Indexable","",""
"https://anchoredtidesrecovery.com/wp-content/uploads/2021/07/benefits.jpeg","image/jpeg","114190","1","Indexable","",""
"https://anchoredtidesrecovery.com/wp-content/uploads/2021/07/Screen-Shot-2021-07-13-at-20.50.44.png","image/png","230494","1","Indexable","",""
"https://anchoredtidesrecovery.com/wp-content/uploads/2021/07/Screen-Shot-2021-07-13-at-20.50.34.png","image/png","467877","1","Indexable","",""
"https://anchoredtidesrecovery.com/wp-content/uploads/2025/06/Common-Causes-of-Workplace-Anxiety-1024x683.webp","image/webp","37234","1","Indexable","",""
"https://anchoredtidesrecovery.com/wp-content/uploads/2025/06/Anxiety-at-Work-1024x683.webp","image/webp","59402","1","Indexable","",""
"https://anchoredtidesrecovery.com/wp-content/uploads/2020/07/shutterstock_1156305472-1024x1024.jpg","image/jpeg","47471","1","Indexable","",""
"https://anchoredtidesrecovery.com/wp-content/uploads/2020/02/art-circle-5.png","image/png","98875","3","Indexable","",""
"https://anchoredtidesrecovery.com/wp-content/uploads/2025/03/Intensive-Outpatient-Programs-in-Orange-County-What-to-Expect.-Anchored-Tides-Recovery-Orange-County-1024x683.webp","image/webp","47506","1","Indexable","",""
"https://anchoredtidesrecovery.com/wp-content/uploads/2025/03/Common-Conditions-Treated-in-IOP-mental-health-disorders-1024x682.webp","image/webp","34332","1","Indexable","",""
"https://anchoredtidesrecovery.com/wp-content/uploads/2021/12/Screen-Shot-2021-12-17-at-21.09.54.png","image/png","611545","1","Indexable","",""
"https://anchoredtidesrecovery.com/wp-content/uploads/2021/12/ATR-B-1-5.jpeg","image/jpeg","100862","1","Indexable","",""
"https://anchoredtidesrecovery.com/wp-content/uploads/2025/02/Supportive-friend-comforting-a-loved-one-showing-warning-signs-of-suicide-and-depression-1024x768.webp","image/webp","83972","1","Indexable","",""
"https://anchoredtidesrecovery.com/wp-content/uploads/2025/02/September-is-Suicide-Prevention-Awareness-Month.-Spread-awareness-and-support-mental-health-initiatives.jpg","image/jpeg","80109","1","Indexable","",""
"https://anchoredtidesrecovery.com/wp-content/uploads/2025/02/common-suicide-risk-factors-like-depression-PTSD-substance-abuse-and-a-history-of-trauma-1024x768.webp","image/webp","23318","1","Indexable","",""
"https://anchoredtidesrecovery.com/wp-content/uploads/2022/04/ATR.png","image/png","523183","1","Indexable","",""
"https://anchoredtidesrecovery.com/wp-content/uploads/2024/04/atr-13.jpg","image/jpeg","114695","1","Indexable","",""
"https://anchoredtidesrecovery.com/wp-content/uploads/2024/04/atr-14.jpg","image/jpeg","212266","1","Indexable","",""
"https://anchoredtidesrecovery.com/wp-content/uploads/2024/04/atr-16.jpg","image/jpeg","231351","1","Indexable","",""
"https://anchoredtidesrecovery.com/wp-content/uploads/2024/04/atr-8.jpg","image/jpeg","189115","1","Indexable","",""
"https://anchoredtidesrecovery.com/wp-content/uploads/2020/06/planning-a-sober-girls-get-together-female-friends-doing-yoga-1024x683.webp","image/webp","58172","1","Indexable","",""
"https://anchoredtidesrecovery.com/wp-content/uploads/2020/06/shutterstock_1392808763-1024x683.jpg","image/jpeg","120999","1","Indexable","",""
"https://anchoredtidesrecovery.com/wp-content/uploads/2020/06/planning-a-sober-girls-get-together-three-women-laughing-together-1024x683.webp","image/webp","86344","1","Indexable","",""
"https://anchoredtidesrecovery.com/wp-content/uploads/2021/03/4-500x500.jpg","image/jpeg","36850","1","Indexable","",""
"https://anchoredtidesrecovery.com/wp-content/uploads/2021/03/5-500x500.jpg","image/jpeg","28102","1","Indexable","",""
"https://anchoredtidesrecovery.com/wp-content/uploads/2021/03/6-500x500.jpg","image/jpeg","36333","1","Indexable","",""
"https://anchoredtidesrecovery.com/wp-content/uploads/2021/03/weed-1024x538.png","image/png","97120","1","Indexable","",""
"https://anchoredtidesrecovery.com/wp-content/uploads/2024/11/Finding-Help-and-Support-Together-family-support-1024x655.webp","image/webp","56160","1","Indexable","",""
"https://anchoredtidesrecovery.com/wp-content/uploads/2024/11/Approaching-a-Loved-One-About-Their-Addiction-two-women-sitting-down-and-talking-1024x682.webp","image/webp","54470","1","Indexable","",""
"https://anchoredtidesrecovery.com/wp-content/uploads/2021/04/circle-cropped-3.png","image/png","176045","1","Indexable","",""
"https://anchoredtidesrecovery.com/wp-content/uploads/2021/11/Screen-Shot-2021-11-26-at-18.33.06.png","image/png","446874","1","Indexable","",""
"https://anchoredtidesrecovery.com/wp-content/uploads/2021/04/circle-cropped-4.png","image/png","197711","2","Indexable","",""
"https://anchoredtidesrecovery.com/wp-content/uploads/2021/04/circle-cropped.png","image/png","163595","2","Indexable","",""
"https://anchoredtidesrecovery.com/wp-content/uploads/2021/04/circle-cropped-7.png","image/png","207598","2","Indexable","",""
"https://anchoredtidesrecovery.com/wp-content/uploads/2021/04/circle-cropped-6.png","image/png","1020980","2","Indexable","",""
"https://anchoredtidesrecovery.com/wp-content/uploads/2021/04/circle-cropped-5.png","image/png","178565","2","Indexable","",""
"https://anchoredtidesrecovery.com/wp-content/uploads/2024/12/Mindfulness-Techniques-female-meditating-1024x1024.webp","image/webp","199398","1","Indexable","",""
"https://anchoredtidesrecovery.com/wp-content/uploads/2024/12/How-to-Navigate-Addiction-Recovery-During-the-Holiday-Season-present-and-Christmas-decor-1024x576.webp","image/webp","107654","1","Indexable","",""
"https://anchoredtidesrecovery.com/wp-content/uploads/elementor/thumbs/Anchored-Tides-Recovery-quote-a-woman-on-a-mission-qo9c46v45j5fxsa26faz9gt6dnaasynshevecteoe8.webp","image/webp","31428","1","Indexable","",""
"https://anchoredtidesrecovery.com/wp-content/uploads/elementor/thumbs/Anchored-Tides-Recovery-recovery-feeling-like-a-life-sentence-woman-looking-out-the-window-qo9b7iz0nsf610dtkqc8l3piurtx1q0ee994ypb8cg.webp","image/webp","18976","1","Indexable","",""
"https://anchoredtidesrecovery.com/wp-content/uploads/elementor/thumbs/Anchored-Tides-Recovery-The-Relationship-Between-Personality-Traits-and-img-qoiajwio738qds3lggk5icr8s9kmrfgpczz4rlssg0.webp","image/webp","57774","1","Indexable","",""
"https://anchoredtidesrecovery.com/wp-content/uploads/2021/07/relapse-trigger.jpeg","image/jpeg","77188","1","Indexable","",""
"https://anchoredtidesrecovery.com/wp-content/uploads/2021/07/Screen-Shot-2021-07-30-at-20.55.45.png","image/png","267784","1","Indexable","",""
"https://anchoredtidesrecovery.com/wp-content/uploads/2025/03/MAT-Preparing-for-the-Conversation-1024x683.webp","image/webp","56770","1","Indexable","",""
"https://anchoredtidesrecovery.com/wp-content/uploads/2025/03/How-to-Talk-to-Your-Family-About-Starting-Medication-Assisted-Treatment-1024x341.webp","image/webp","23094","1","Indexable","",""
"https://anchoredtidesrecovery.com/wp-content/uploads/2024/12/Anchored-Tides-Recovery-Huntington-Beach-CA-yoga-session.webp","image/webp","45808","1","Indexable","",""
"https://anchoredtidesrecovery.com/wp-content/uploads/2024/12/Anchored-Tides-Recovery-Huntington-Beach-CA-Nutrition-and-Diet.webp","image/webp","55930","1","Indexable","",""
"https://anchoredtidesrecovery.com/wp-content/uploads/2024/12/Holistic-Approach-to-Addiction-Treatment-group-of-happy-women-on-the-beach-1024x683.webp","image/webp","64708","1","Indexable","",""
"https://anchoredtidesrecovery.com/wp-content/uploads/2024/12/Anchored-Tides-Recovery-Huntington-Beach-CA-Mindfulness-and-Meditation.webp","image/webp","36028","1","Indexable","",""
"https://anchoredtidesrecovery.com/wp-content/uploads/2022/03/Screen-Shot-2022-03-08-at-21.50.22.png","image/png","489359","1","Indexable","",""
"https://anchoredtidesrecovery.com/wp-content/uploads/2021/09/g.jpeg","image/jpeg","97967","1","Indexable","",""
"https://anchoredtidesrecovery.com/wp-content/uploads/2022/03/ATR-6.png","image/png","114492","1","Indexable","",""
"https://anchoredtidesrecovery.com/wp-content/uploads/2021/09/Screen-Shot-2021-09-10-at-17.35.33.png","image/png","434165","1","Indexable","",""
"https://anchoredtidesrecovery.com/wp-content/uploads/2021/09/Screen-Shot-2021-09-10-at-17.35.47.png","image/png","214040","1","Indexable","",""
"https://anchoredtidesrecovery.com/wp-content/uploads/2021/11/Screen-Shot-2021-11-09-at-20.46.26.png","image/png","367916","1","Indexable","",""
"https://anchoredtidesrecovery.com/wp-content/uploads/2021/11/W4.jpeg","image/jpeg","162691","1","Indexable","",""
"https://anchoredtidesrecovery.com/wp-content/uploads/2021/05/how-long-does-marijuana-stays-in-your-system.-300x158.jpeg","image/jpeg","6639","1","Indexable","",""
"https://anchoredtidesrecovery.com/wp-content/uploads/2021/05/Screen-Shot-2021-05-14-at-18.19.34-300x289.png","image/png","11850","1","Indexable","",""
"https://anchoredtidesrecovery.com/wp-content/uploads/2021/05/Screen-Shot-2021-05-14-at-18.20.29.png","image/png","26400","1","Indexable","",""
"https://anchoredtidesrecovery.com/wp-content/uploads/2021/05/Screen-Shot-2021-05-14-at-18.19.47.png","image/png","102876","1","Indexable","",""
"https://anchoredtidesrecovery.com/wp-content/uploads/2021/05/Screen-Shot-2021-05-14-at-18.20.05.png","image/png","338070","1","Indexable","",""
"https://anchoredtidesrecovery.com/wp-content/uploads/2021/06/twittersharebutton.svg","image/svg+xml","0","2","Indexable","",""
"https://anchoredtidesrecovery.com/wp-content/uploads/2021/06/facebooksharebutton.svg","image/svg+xml","0","2","Indexable","",""
"https://anchoredtidesrecovery.com/wp-content/uploads/2021/06/linkedinsharebutton.svg","image/svg+xml","0","2","Indexable","",""
"https://anchoredtidesrecovery.com/wp-content/uploads/2021/06/ATR-Coaching-Options-Infographic.jpg","image/jpeg","83107","1","Indexable","",""
"https://anchoredtidesrecovery.com/wp-content/uploads/2022/01/Screen-Shot-2022-01-04-at-23.34.57.png","image/png","738284","1","Indexable","",""
"https://anchoredtidesrecovery.com/wp-content/uploads/2022/01/28.jpg","image/jpeg","89270","1","Indexable","",""
"https://anchoredtidesrecovery.com/wp-content/uploads/2021/04/creating-your-success-story.jpeg","image/jpeg","60961","1","Indexable","",""
"https://anchoredtidesrecovery.com/wp-content/uploads/2021/04/Screen-Shot-2021-04-26-at-16.48.54.jpg","image/jpeg","63447","1","Indexable","",""
"https://anchoredtidesrecovery.com/wp-content/uploads/2021/04/Screen-Shot-2021-04-26-at-16.48.34.jpg","image/jpeg","55137","1","Indexable","",""
"https://anchoredtidesrecovery.com/wp-content/uploads/2021/05/Screen-Shot-2021-05-28-at-21.20.16.jpg","image/jpeg","42491","1","Indexable","",""
"https://anchoredtidesrecovery.com/wp-content/uploads/2021/05/Screen-Shot-2021-05-28-at-21.20.34.jpg","image/jpeg","47256","1","Indexable","",""
"https://anchoredtidesrecovery.com/wp-content/uploads/2025/02/Why-Choose-a-Womens-Recovery-Center-woman-in-individual-therapy-session-1024x576.webp","image/webp","51450","1","Indexable","",""
"https://anchoredtidesrecovery.com/wp-content/uploads/2023/09/Anchored-Tides-Infographic-overcoming-shame-and-guilt.webp","image/webp","107960","1","Indexable","",""
"https://anchoredtidesrecovery.com/wp-content/uploads/2023/09/overcoming-shame-and-guilt-female-working-professional-ashamed-at-her-desk-1024x576.webp","image/webp","33436","1","Indexable","",""
"https://anchoredtidesrecovery.com/wp-content/uploads/2021/12/2-1.jpg","image/jpeg","103352","1","Indexable","",""
"https://anchoredtidesrecovery.com/wp-content/uploads/2021/10/Screen-Shot-2021-10-01-at-20.36.54.png","image/png","673889","1","Indexable","",""
"https://anchoredtidesrecovery.com/wp-content/uploads/2021/12/Screen-Shot-2021-12-24-at-23.04.20.png","image/png","804810","1","Indexable","",""
"https://anchoredtidesrecovery.com/wp-content/uploads/2021/07/Screen-Shot-2021-07-02-at-18.47.09.png","image/png","1177670","1","Indexable","",""
"https://anchoredtidesrecovery.com/wp-content/uploads/2021/10/Screen-Shot-2021-10-01-at-20.37.03.png","image/png","429856","1","Indexable","",""
"https://anchoredtidesrecovery.com/wp-content/uploads/2021/10/a2.jpg","image/jpeg","66601","1","Indexable","",""
"https://anchoredtidesrecovery.com/wp-content/uploads/2021/07/Blogs-2.jpg-4.jpg","image/jpeg","188925","1","Indexable","",""
"https://anchoredtidesrecovery.com/wp-content/uploads/2021/07/Screen-Shot-2021-07-02-at-18.47.29-194x300.png","image/png","118577","1","Indexable","",""
"https://anchoredtidesrecovery.com/wp-content/uploads/2022/09/atr-bk-2-300x155.webp","image/webp","6222","1","Indexable","",""
"https://anchoredtidesrecovery.com/wp-content/uploads/2023/12/How-to-Stop-Comparing-Yourself-to-Others-img-300x200-jpg.webp","image/webp","16688","1","Indexable","",""
"https://anchoredtidesrecovery.com/wp-content/uploads/2021/12/Screen-Shot-2021-12-03-at-18.44.58.png","image/png","306088","1","Indexable","",""
"https://anchoredtidesrecovery.com/wp-content/uploads/2021/12/1-23.jpeg","image/jpeg","89928","1","Indexable","",""
"https://anchoredtidesrecovery.com/wp-content/uploads/2025/03/Find-Time-to-Discuss-Your-Addiction-With-Your-Partner.jpg","image/jpeg","225400","1","Indexable","",""
"https://anchoredtidesrecovery.com/wp-content/uploads/2021/04/Inpatient-Rehab-Programs-for-Pregnant-women.jpeg","image/jpeg","37444","1","Indexable","",""
"https://anchoredtidesrecovery.com/wp-content/uploads/2021/04/Screen-Shot-2021-04-30-at-16.54.49.jpg","image/jpeg","92213","1","Indexable","",""
"https://anchoredtidesrecovery.com/wp-content/uploads/2024/02/How-Long-Does-Ativan-Stay-in-Your-System-jpg.webp","image/webp","74010","1","Indexable","",""
"https://anchoredtidesrecovery.com/wp-content/uploads/2024/01/Technology-and-Substance-Abuse-img-jpg.webp","image/webp","74314","1","Indexable","",""
"https://anchoredtidesrecovery.com/wp-content/uploads/2021/12/Screen-Shot-2021-12-21-at-20.57.53.png","image/png","427466","1","Indexable","",""
"https://anchoredtidesrecovery.com/wp-content/uploads/2021/12/1.jpg","image/jpeg","166679","1","Indexable","",""
"https://anchoredtidesrecovery.com/wp-content/uploads/2022/01/woman-596x1024.jpg","image/jpeg","90539","1","Indexable","",""
"https://anchoredtidesrecovery.com/wp-content/uploads/2024/06/Anchored-Tides-Recovery-body-dysmorphia-anorexia-768x512.webp","image/webp","26988","1","Indexable","",""
"https://anchoredtidesrecovery.com/wp-content/uploads/2021/07/Screen-Shot-2021-07-06-at-19.08.23.png","image/png","964538","1","Indexable","",""
"https://anchoredtidesrecovery.com/wp-content/uploads/2021/07/Blogs-2.jpg-6.jpg","image/jpeg","808089","1","Indexable","",""
"https://anchoredtidesrecovery.com/wp-content/uploads/2022/02/Screen-Shot-2022-02-22-at-21.08.12.png","image/png","226203","1","Indexable","",""
"https://anchoredtidesrecovery.com/wp-content/uploads/2022/02/Parenting-Someone-with-a-Cocaine-Addiction1.jpg","image/jpeg","77119","1","Indexable","",""
"https://anchoredtidesrecovery.com/wp-content/uploads/2021/05/Screen-Shot-2021-05-10-at-22.12.56.jpg","image/jpeg","41585","1","Indexable","",""
"https://anchoredtidesrecovery.com/wp-content/uploads/2021/05/Screen-Shot-2021-05-10-at-22.09.58.jpg","image/jpeg","59716","1","Indexable","",""
"https://anchoredtidesrecovery.com/wp-content/uploads/2021/05/Alcoholism.png","image/png","114347","1","Indexable","",""
"https://anchoredtidesrecovery.com/wp-content/uploads/2021/05/Screen-Shot-2021-05-24-at-19.23.26-684x1024-1.jpg","image/jpeg","66277","1","Indexable","",""
"https://anchoredtidesrecovery.com/wp-content/uploads/2021/05/covid-19.jpg","image/jpeg","88917","1","Indexable","",""
"https://anchoredtidesrecovery.com/wp-content/uploads/2021/05/Screen-Shot-2021-05-24-at-19.22.25.jpg","image/jpeg","72092","1","Indexable","",""
"https://anchoredtidesrecovery.com/wp-content/uploads/2021/10/1-2.jpeg","image/jpeg","210615","1","Indexable","",""
"https://anchoredtidesrecovery.com/wp-content/uploads/2021/10/Screen-Shot-2021-10-12-at-18.43.00.png","image/png","80142","1","Indexable","",""
"https://anchoredtidesrecovery.com/wp-content/uploads/2024/07/Anchored-Tides-Recovery-female-sitting-in-serenity-on-the-beach-webp.jpg","image/jpeg","72496","1","Indexable","",""
"https://anchoredtidesrecovery.com/wp-content/uploads/2021/07/Anchored-Tides-Recovery-breaking-down-the-12-steps-1024x536.webp","image/webp","88234","1","Indexable","",""
"https://anchoredtidesrecovery.com/wp-content/uploads/2024/07/Anchored-Tides-Recovery-Huntington-Beach-CA-female-group-therapy-webp.jpg","image/jpeg","94048","1","Indexable","",""
"https://anchoredtidesrecovery.com/wp-content/uploads/2021/04/Opiode-Overdose.jpg","image/jpeg","69033","1","Indexable","",""
"https://anchoredtidesrecovery.com/wp-content/uploads/2023/11/Heated-Yoga-for-Depression-img-A-Promising-Alternative-Treatment-300x200-jpg.webp","image/webp","13376","1","Indexable","",""
"https://anchoredtidesrecovery.com/wp-content/uploads/2021/04/Screen-Shot-2021-04-09-at-21.49.24-1024x676.png","image/png","227189","1","Indexable","",""
"https://anchoredtidesrecovery.com/wp-content/uploads/2021/08/a-5.jpeg","image/jpeg","64869","1","Indexable","",""
"https://anchoredtidesrecovery.com/wp-content/uploads/2025/09/Why-Gender-Specific-Recovery-Matters-1024x683.webp","image/webp","80914","1","Indexable","",""
"https://anchoredtidesrecovery.com/wp-content/uploads/2025/09/Alcohol-Addiction-Recovery_-Why-Women-Need-Specialized-Support-1024x683.webp","image/webp","107444","1","Indexable","",""
"https://anchoredtidesrecovery.com/wp-content/uploads/2024/09/breaking-free-from-xanax-happy-female-768x512.webp","image/webp","42648","1","Indexable","",""
"https://anchoredtidesrecovery.com/wp-content/uploads/2024/09/breaking-free-from-xanax-female-teacher-walking-with-headache.webp","image/webp","103626","1","Indexable","",""
"https://anchoredtidesrecovery.com/wp-content/uploads/2024/02/Blue-Xanax-Bars-Symptoms-and-Risk-of-Addiction-img.jpg","image/jpeg","95181","1","Indexable","",""
"https://anchoredtidesrecovery.com/wp-content/uploads/2021/08/Screen-Shot-2021-08-10-at-18.23.23.png","image/png","387247","1","Indexable","",""
"https://anchoredtidesrecovery.com/wp-content/uploads/2021/08/Screen-Shot-2021-08-10-at-18.23.10.png","image/png","170124","1","Indexable","",""
"https://anchoredtidesrecovery.com/wp-content/uploads/2021/04/Opiode-Overdose-150x150-1.jpg","image/jpeg","6309","1","Indexable","",""
"https://anchoredtidesrecovery.com/wp-content/uploads/2025/04/Cocaine-Use-and-Addiction-in-Women-What-You-Need-to-Know-1024x681.webp","image/webp","38808","1","Indexable","",""
"https://anchoredtidesrecovery.com/wp-content/uploads/2025/04/Supporting-Women-Through-Every-Step-1024x681.webp","image/webp","44476","1","Indexable","",""
"https://anchoredtidesrecovery.com/wp-content/uploads/2025/04/Why-Women-Need-Specialized-Cocaine-Addiction-Treatment-1024x683.webp","image/webp","85274","1","Indexable","",""
"https://anchoredtidesrecovery.com/wp-content/uploads/2025/04/Veteran-Mental-Health-1024x683.webp","image/webp","31442","1","Indexable","",""
"https://anchoredtidesrecovery.com/wp-content/uploads/2025/04/Looking-for-veteran-rehab-Anchored-Tides-Recovery-in-Orange-County-1024x697.webp","image/webp","39744","1","Indexable","",""
"https://anchoredtidesrecovery.com/wp-content/uploads/2021/06/Screen-Shot-2021-06-12-at-00.25.03.jpg","image/jpeg","84351","1","Indexable","",""
"https://anchoredtidesrecovery.com/wp-content/uploads/2021/06/Screen-Shot-2021-06-12-at-00.25.21-201x300-1.jpg","image/jpeg","9826","1","Indexable","",""
"https://anchoredtidesrecovery.com/wp-content/uploads/2021/08/b.jpg","image/jpeg","137294","1","Indexable","",""
"https://anchoredtidesrecovery.com/wp-content/uploads/2021/08/Screen-Shot-2021-08-13-at-18.47.20.png","image/png","481403","1","Indexable","",""
"https://anchoredtidesrecovery.com/wp-content/uploads/2021/03/9.jpg","image/jpeg","74323","1","Indexable","",""
"https://anchoredtidesrecovery.com/wp-content/uploads/2021/03/common-mistakes-that-families-make-1024x538.jpeg","image/jpeg","70502","1","Indexable","",""
"https://anchoredtidesrecovery.com/wp-content/uploads/2021/03/8.jpg","image/jpeg","10004","1","Indexable","",""
"https://anchoredtidesrecovery.com/wp-content/uploads/2021/10/Screen-Shot-2021-10-26-at-18.15.46-300x171.png","image/png","26558","1","Indexable","",""
"https://anchoredtidesrecovery.com/wp-content/uploads/2022/02/32.jpg","image/jpeg","128461","1","Indexable","",""
"https://anchoredtidesrecovery.com/wp-content/uploads/2022/02/Screen-Shot-2022-02-18-at-17.21.34.png","image/png","457920","1","Indexable","",""
"https://anchoredtidesrecovery.com/wp-content/uploads/2021/07/Screen-Shot-2021-07-06-at-19.08.23-300x182.png","image/png","69702","1","Indexable","",""
"https://anchoredtidesrecovery.com/wp-content/uploads/elementor/thumbs/Anchored-Tides-Recovery-Why-Young-Women-Self-Silence-and-Its-Impact-on-Mental-Health-qoibak7w0xqhnndkshe8q4kvao6e2eancy1vr49tz4.webp","image/webp","47206","1","Indexable","",""
"https://anchoredtidesrecovery.com/wp-content/uploads/2022/01/womens-health-596x1024.jpg","image/jpeg","102000","1","Indexable","",""
"https://anchoredtidesrecovery.com/wp-content/uploads/elementor/thumbs/Anchored-Tides-Recovery-Alcohol-and-Postpartum-Depression-A-Complex-Connection-img-qoi97c6v38rej2n51gu2olxvvkxx2enyomk04xt1xc.webp","image/webp","48150","1","Indexable","",""
"https://anchoredtidesrecovery.com/wp-content/uploads/2024/01/Common-Opioid-Drugs-img-jpg.webp","image/webp","46090","1","Indexable","",""
"https://anchoredtidesrecovery.com/wp-content/uploads/2021/05/Screen-Shot-2021-05-17-at-18.57.53-300x169-1.jpg","image/jpeg","8860","1","Indexable","",""
"https://anchoredtidesrecovery.com/wp-content/uploads/2024/02/The-Rise-of-Nicotine-Addiction-Vapes-vs-Cigarette-img.jpg","image/jpeg","94584","1","Indexable","",""
"https://anchoredtidesrecovery.com/wp-content/uploads/2024/10/sober-living-for-women-in-huntington-beach-CA.webp","image/webp","170438","1","Indexable","",""
"https://anchoredtidesrecovery.com/wp-content/uploads/2021/10/Screen-Shot-2021-10-19-at-18.38.13.png","image/png","292011","1","Indexable","",""
"https://anchoredtidesrecovery.com/wp-content/uploads/2021/10/dd.jpeg","image/jpeg","108137","1","Indexable","",""
"https://anchoredtidesrecovery.com/wp-content/uploads/2021/10/Screen-Shot-2021-10-08-at-21.04.07.png","image/png","448344","1","Indexable","",""
"https://anchoredtidesrecovery.com/wp-content/uploads/2021/10/1-5.jpeg","image/jpeg","114948","1","Indexable","",""
"https://anchoredtidesrecovery.com/wp-content/uploads/2021/02/MAGELLAN-HEALTH-LOGO-1-1-150x150.png","image/png","2071","1","Indexable","",""
"https://anchoredtidesrecovery.com/wp-content/uploads/2020/02/cropped-logo_anchor-150x150.png","image/png","831","1","Indexable","",""
"https://anchoredtidesrecovery.com/wp-content/uploads/2024/02/substance-use-disorder-molly-ecstasy-pills-1024x683.webp","image/webp","58048","1","Indexable","",""
"https://anchoredtidesrecovery.com/wp-content/uploads/2024/06/United-Healthcare-Logo-Stacked-350X350-150x150.png","image/png","4688","1","Indexable","",""
"https://anchoredtidesrecovery.com/wp-content/uploads/2024/02/Effects-of-Molly-MDMA-3-women-at-a-music-festival-1024x591.webp","image/webp","51130","1","Indexable","",""
"https://anchoredtidesrecovery.com/wp-content/uploads/2021/08/Screen-Shot-2021-08-17-at-17.32.24.png","image/png","382388","1","Indexable","",""
"https://anchoredtidesrecovery.com/wp-content/uploads/2021/08/a.jpeg","image/jpeg","113730","1","Indexable","",""
"https://anchoredtidesrecovery.com/wp-content/uploads/2021/11/Screen-Shot-2021-11-23-at-19.11.31.png","image/png","478654","1","Indexable","",""
"https://anchoredtidesrecovery.com/wp-content/uploads/2021/11/blogs-ATR.png","image/png","155381","1","Indexable","",""
"https://anchoredtidesrecovery.com/wp-content/uploads/2021/08/Mastery-of-Emotional-Intelligence.jpg","image/jpeg","106409","1","Indexable","",""
"https://anchoredtidesrecovery.com/wp-content/uploads/2021/08/Screen-Shot-2021-08-03-at-22.34.35.png","image/png","389271","1","Indexable","",""
"https://anchoredtidesrecovery.com/wp-content/uploads/2021/04/Screen-Shot-2021-04-12-at-21.44.22.jpg","image/jpeg","63760","1","Indexable","",""
"https://anchoredtidesrecovery.com/wp-content/uploads/2021/04/are-you-looking-for-a-drug-rehab-program.jpeg","image/jpeg","74143","1","Indexable","",""
"https://anchoredtidesrecovery.com/wp-content/uploads/2021/12/Screen-Shot-2021-12-31-at-22.05.36-300x198.png","image/png","35594","1","Indexable","",""
"https://anchoredtidesrecovery.com/wp-content/uploads/2022/04/self-forgiveness-prayer.webp","image/webp","90686","0","Indexable","",""
"https://anchoredtidesrecovery.com/wp-content/uploads/2022/04/self-forgiveness-in-recovery-self-love-jpg.webp","image/webp","3420","1","Indexable","",""
"https://anchoredtidesrecovery.com/wp-content/uploads/2022/04/self-forgiveness-prayer-1024x1024.webp","image/webp","104396","1","Indexable","",""
"https://anchoredtidesrecovery.com/wp-content/uploads/2022/04/atr-9.png","image/png","318687","1","Indexable","",""
"https://anchoredtidesrecovery.com/wp-content/uploads/2022/04/Screen-Shot-2022-04-08-at-20.38.41.png","image/png","909194","1","Indexable","",""
"https://anchoredtidesrecovery.com/wp-content/uploads/2024/02/Most-Addictive-Prescription-Drugs-What-to-Look-Out-For-img-jpg.webp","image/webp","42766","1","Indexable","",""
"https://anchoredtidesrecovery.com/wp-content/uploads/2025/04/Male-Postpartum-Depression-985x1024.webp","image/webp","50648","1","Indexable","",""
"https://anchoredtidesrecovery.com/wp-content/uploads/2025/04/Postpartum-Depression-Anchored-Tides-Recovery-Outpatient-Programs-for-Mental-Health-1024x683.webp","image/webp","36248","1","Indexable","",""
"https://anchoredtidesrecovery.com/wp-content/uploads/2021/09/Screen-Shot-2021-09-28-at-17.55.08.png","image/png","927205","1","Indexable","",""
"https://anchoredtidesrecovery.com/wp-content/uploads/2021/09/a1.jpeg","image/jpeg","72211","1","Indexable","",""
"https://anchoredtidesrecovery.com/wp-content/uploads/2025/03/Holistic-Treatment-Reiki-Therapy-1024x683.webp","image/webp","36992","1","Indexable","",""
"https://anchoredtidesrecovery.com/wp-content/uploads/2025/03/Holistic-Treatments-for-Anxiety-Anchored-Tides-Recovery-Orange-County-CA-1024x539.webp","image/webp","28630","1","Indexable","",""
"https://anchoredtidesrecovery.com/wp-content/uploads/2022/02/Screen-Shot-2022-02-02-at-17.09.11-300x173.png","image/png","32477","1","Indexable","",""
"https://anchoredtidesrecovery.com/wp-content/uploads/2022/04/jeremy-bishop-S63AA1OCqoQ-unsplash-768x512.jpg","image/jpeg","32557","1","Indexable","",""
"https://anchoredtidesrecovery.com/wp-content/uploads/2025/06/Is-My-Binge-Drinking-Becoming-a-Problem_-1024x572.webp","image/webp","36126","1","Indexable","",""
"https://anchoredtidesrecovery.com/wp-content/uploads/2024/01/Women-Only-Addiction-Treatment-in-Huntington-Beach-sunset-at-the-Hungtington-Beach-Pier-1024x683.webp","image/webp","50128","2","Indexable","",""
"https://anchoredtidesrecovery.com/wp-content/uploads/2021/06/Screen-Shot-2021-06-04-at-18.54.49.jpg","image/jpeg","76936","1","Indexable","",""
"https://anchoredtidesrecovery.com/wp-content/uploads/2021/06/Screen-Shot-2021-06-04-at-18.55.12.jpg","image/jpeg","134525","1","Indexable","",""
"https://anchoredtidesrecovery.com/wp-content/uploads/2021/07/Blogs-7.jpg","image/jpeg","123475","1","Indexable","",""
"https://anchoredtidesrecovery.com/wp-content/uploads/2021/10/mm.jpeg","image/jpeg","71603","1","Indexable","",""
"https://anchoredtidesrecovery.com/wp-content/uploads/2021/07/Screen-Shot-2021-07-16-at-20.45.52.png","image/png","273263","1","Indexable","",""
"https://anchoredtidesrecovery.com/wp-content/uploads/2021/04/Preparing-Your-Children-When-You-Go-to-Rehab-1024x538.jpeg","image/jpeg","65851","1","Indexable","",""
"https://anchoredtidesrecovery.com/wp-content/uploads/2021/10/Screen-Shot-2021-10-05-at-20.28.02.png","image/png","630903","1","Indexable","",""
"https://anchoredtidesrecovery.com/wp-content/uploads/2021/04/Screen-Shot-2021-04-02-at-20.35.58.png","image/png","345556","1","Indexable","",""
"https://anchoredtidesrecovery.com/wp-content/uploads/2021/04/Screen-Shot-2021-04-02-at-20.35.45.png","image/png","442523","1","Indexable","",""
"https://anchoredtidesrecovery.com/wp-content/uploads/2022/01/How-Social-Media-Affects-Womens-Mental-Health-Anchored-Tides-Recovery-1024x573.png","image/png","118561","1","Indexable","",""
"https://anchoredtidesrecovery.com/wp-content/uploads/2022/03/Screen-Shot-2022-03-11-at-16.43.24.png","image/png","415582","1","Indexable","",""
"https://anchoredtidesrecovery.com/wp-content/uploads/2022/03/ATR-5.png","image/png","220140","1","Indexable","",""
"https://anchoredtidesrecovery.com/wp-content/uploads/2021/04/pexels-karolina-grabowska-4046996-Cropped.jpg","image/jpeg","58717","1","Indexable","",""
"https://anchoredtidesrecovery.com/wp-content/uploads/2021/06/Did-you-know-you-are-worth-a-happy-life..jpeg","image/jpeg","44712","1","Indexable","",""
"https://anchoredtidesrecovery.com/wp-content/uploads/2021/06/ATR-Support-Options-Infographic.jpg","image/jpeg","61299","1","Indexable","",""
"https://anchoredtidesrecovery.com/wp-content/uploads/2021/06/Screen-Shot-2021-06-18-at-19.16.47-200x300-1.jpg","image/jpeg","9449","1","Indexable","",""
"https://anchoredtidesrecovery.com/wp-content/uploads/2022/01/31-1.jpg","image/jpeg","218119","1","Indexable","",""
"https://anchoredtidesrecovery.com/wp-content/uploads/2022/01/atr.png","image/png","687339","1","Indexable","",""
"https://anchoredtidesrecovery.com/wp-content/uploads/2021/10/Choosing-an-aftercare-facility-things-to-ask.jpeg","image/jpeg","119266","1","Indexable","",""
"https://anchoredtidesrecovery.com/wp-content/uploads/2021/10/Screen-Shot-2021-10-26-at-18.15.46.png","image/png","297275","1","Indexable","",""
"https://anchoredtidesrecovery.com/wp-content/uploads/2022/03/Screen-Shot-2022-03-01-at-17.52.29.png","image/png","759655","1","Indexable","",""
"https://anchoredtidesrecovery.com/wp-content/uploads/2022/03/Dual-Diagnosis-and-Treating-Problems-at-the-Root.jpg","image/jpeg","124821","1","Indexable","",""
"https://anchoredtidesrecovery.com/wp-content/uploads/2025/08/Back-to-School-Back-to-Stress-1024x717.jpg","image/jpeg","74378","1","Indexable","",""
"https://anchoredtidesrecovery.com/wp-content/uploads/2025/08/5-Ways-to-Manage-Anxiety-While-Staying-Grounded-in-Recovery-1024x685.webp","image/webp","37448","1","Indexable","",""
"https://anchoredtidesrecovery.com/wp-content/uploads/2021/12/Screen-Shot-2021-12-10-at-20.09.49.png","image/png","319987","1","Indexable","",""
"https://anchoredtidesrecovery.com/wp-content/uploads/2021/12/1-21.jpeg","image/jpeg","111174","1","Indexable","",""
"https://anchoredtidesrecovery.com/wp-content/uploads/2021/07/animal.jpeg","image/jpeg","143389","1","Indexable","",""
"https://anchoredtidesrecovery.com/wp-content/uploads/2022/02/ATR-4.png","image/png","275117","1","Indexable","",""
"https://anchoredtidesrecovery.com/wp-content/uploads/2022/02/Screen-Shot-2022-02-25-at-19.23.54.png","image/png","500529","1","Indexable","",""
"https://anchoredtidesrecovery.com/wp-content/uploads/2022/03/Gateway-Drugs-Examples-in-2022.jpg","image/jpeg","100366","1","Indexable","",""
"https://anchoredtidesrecovery.com/wp-content/uploads/2022/03/gateway-drugs.png","image/png","691751","1","Indexable","",""
"https://anchoredtidesrecovery.com/wp-content/uploads/2021/09/Screen-Shot-2021-09-03-at-17.00.40.png","image/png","41399","1","Indexable","",""
"https://anchoredtidesrecovery.com/wp-content/uploads/2021/09/a-6.jpeg","image/jpeg","118692","1","Indexable","",""
"https://anchoredtidesrecovery.com/wp-content/uploads/2022/02/Screen-Shot-2022-02-08-at-18.22.28.png","image/png","145699","1","Indexable","",""
"https://anchoredtidesrecovery.com/wp-content/uploads/2022/02/ATR-04.png","image/png","244194","1","Indexable","",""
"https://anchoredtidesrecovery.com/wp-content/uploads/2021/08/Anchored-Tides-Recovery-female-in-the-military-talking-PTSD.webp","image/webp","47526","1","Indexable","",""
"https://anchoredtidesrecovery.com/wp-content/uploads/2022/02/Screen-Shot-2022-02-08-at-18.22.18.png","image/png","471899","1","Indexable","",""
"https://anchoredtidesrecovery.com/wp-content/uploads/2020/02/cropped-logo_anchor.png","image/png","2500","1","Indexable","",""
"https://anchoredtidesrecovery.com/wp-content/uploads/2021/08/a-4-1024x538.jpeg","image/jpeg","37179","1","Indexable","",""
"https://anchoredtidesrecovery.com/wp-content/uploads/2021/09/womens-addiction-image-6.png","image/png","29378","1","Indexable","",""
"https://anchoredtidesrecovery.com/wp-content/uploads/2022/01/Screen-Shot-2022-01-08-at-01.39.12.png","image/png","334807","1","Indexable","",""
"https://anchoredtidesrecovery.com/wp-content/uploads/2022/01/29.jpg","image/jpeg","120138","1","Indexable","",""
"https://anchoredtidesrecovery.com/wp-content/uploads/2022/06/Drug-Detox-300x200.jpg","image/jpeg","13955","1","Indexable","",""
"https://anchoredtidesrecovery.com/wp-content/uploads/2021/11/1-25.jpeg","image/jpeg","128363","1","Indexable","",""
"https://anchoredtidesrecovery.com/wp-content/uploads/2021/11/Screen-Shot-2021-11-30-at-18.39.09.png","image/png","155887","1","Indexable","",""
"https://anchoredtidesrecovery.com/wp-content/uploads/2022/03/The-Problem-with-Cannabis-Commercialization-in-California.jpg","image/jpeg","98594","1","Indexable","",""
"https://anchoredtidesrecovery.com/wp-content/uploads/2022/03/Screen-Shot-2022-03-15-at-23.32.13.png","image/png","285512","1","Indexable","",""
"https://anchoredtidesrecovery.com/wp-content/uploads/elementor/thumbs/cropped-logo_anchor-oqkt373xtin3vos5o52h5rpbxnpu0rper9nnhnvjls.png","image/png","2115","2","Indexable","",""
"https://anchoredtidesrecovery.com/wp-content/uploads/2024/05/Anchored-Tides-Recovery-women-sitting-depressed-on-the-floor-768x512.webp","image/webp","38466","1","Indexable","",""
"https://anchoredtidesrecovery.com/wp-content/uploads/2024/01/Benefits-of-a-Womens-Only-Addiction-Treatment-Center-img.jpg","image/jpeg","94745","2","Indexable","",""
"https://anchoredtidesrecovery.com/wp-content/uploads/2021/05/Screen-Shot-2021-05-17-at-18.58.14-300x140-1.jpg","image/jpeg","4211","1","Indexable","",""
"https://anchoredtidesrecovery.com/wp-content/uploads/2022/01/atr-1.png","image/png","629205","1","Indexable","",""
"https://anchoredtidesrecovery.com/wp-content/uploads/elementor/thumbs/Anchored-Tides-Recovery-Recognizing-High-Functioning-Alcoholic-Signs-in-Loved-Ones-qoia7zw9mmxzble6zba9xcx1wk999g73q2hpxfgb9c.webp","image/webp","63948","1","Indexable","",""
"https://anchoredtidesrecovery.com/wp-content/uploads/2022/01/26.jpg","image/jpeg","87932","1","Indexable","",""
"https://anchoredtidesrecovery.com/wp-content/uploads/2022/03/ATR-500x500.png","image/png","62340","1","Indexable","",""
"https://anchoredtidesrecovery.com/wp-content/uploads/2022/01/atr-2.png","image/png","216994","1","Indexable","",""
"https://anchoredtidesrecovery.com/wp-content/uploads/2022/01/blogs-ATR-4.png","image/png","437582","1","Indexable","",""
"https://anchoredtidesrecovery.com/wp-content/uploads/2022/03/ATR-7.png","image/png","458972","1","Indexable","",""
"https://anchoredtidesrecovery.com/wp-content/uploads/2022/03/Screen-Shot-2022-03-22-at-17.51.04-1024x981.png","image/png","37818","1","Indexable","",""
"https://anchoredtidesrecovery.com/wp-content/uploads/2024/02/Understanding-the-Risks-of-Mixing-Tramadol-and-Alcohol-img-768x512.jpg","image/jpeg","46249","1","Indexable","",""
"https://anchoredtidesrecovery.com/wp-content/uploads/2025/05/What-Is-a-PHP-Program-for-Substance-Abuse-1024x683.webp","image/webp","48384","1","Indexable","",""
"https://anchoredtidesrecovery.com/wp-content/uploads/2025/05/PHP-and-Long-Term-Recovery-Building-a-Foundation-for-Life-happy-group-of-females-1024x683.webp","image/webp","114662","1","Indexable","",""
"https://anchoredtidesrecovery.com/wp-content/uploads/2021/11/Screen-Shot-2021-11-02-at-19.14.27.png","image/png","444450","1","Indexable","",""
"https://anchoredtidesrecovery.com/wp-content/uploads/2021/11/W1.jpeg","image/jpeg","55585","1","Indexable","",""
"https://anchoredtidesrecovery.com/wp-content/uploads/2022/01/Screen-Shot-2022-01-28-at-21.03.08.png","image/png","499533","1","Indexable","",""
"https://anchoredtidesrecovery.com/wp-content/uploads/2022/01/ATR-2-1.png","image/png","51807","1","Indexable","",""
"https://anchoredtidesrecovery.com/wp-content/uploads/elementor/thumbs/Anchored-Tides-Recovery-Is-In-Net-with-Cigna-qoi80b4u89v59ztdgwl4t0r93i94c5twqe6q9evbwg.webp","image/webp","74522","1","Indexable","",""
"https://anchoredtidesrecovery.com/wp-content/uploads/elementor/thumbs/Anchored-Tides-Recovery-therapy-session-addiction-treatment-qoi8ac2v4nkonnwsl5xevdu8tmdv61nnij7ciph79c.webp","image/webp","31864","1","Indexable","",""
"https://anchoredtidesrecovery.com/wp-content/uploads/2021/03/4-300x200.jpg","image/jpeg","12238","1","Indexable","",""
