"Address","Occurrences","Meta Keywords 1","Meta Keywords 1 Length","Indexability","Indexability Status"
"https://anchoredtidesrecovery.com/","0","","0","Non-Indexable","noindex"
"https://anchoredtidesrecovery.com/admissions-and-alcohol-rehab-insurance/","0","","0","Indexable",""
"https://anchoredtidesrecovery.com/contact-us/","0","","0","Indexable",""
"https://anchoredtidesrecovery.com/womens-addiction-treatment-center/alcohol-rehab/","0","","0","Indexable",""
"https://anchoredtidesrecovery.com/addiction-recovery-blog/","0","","0","Indexable",""
"https://anchoredtidesrecovery.com/womens-addiction-treatment-center/outpatient-treatment-in-orange-county/","0","","0","Indexable",""
"https://anchoredtidesrecovery.com/womens-mental-health-key-disorders-and-support-options/","0","","0","Indexable",""
"https://anchoredtidesrecovery.com/service-areas/","0","","0","Indexable",""
"https://anchoredtidesrecovery.com/womens-addiction-treatment-center/dual-diagnosis/","0","","0","Indexable",""
"https://anchoredtidesrecovery.com/meet-the-team/","0","","0","Indexable",""
"https://anchoredtidesrecovery.com/womens-addiction-treatment-center/detoxification/","0","","0","Indexable",""
"https://anchoredtidesrecovery.com/html-sitemap/","0","","0","Indexable",""
"https://anchoredtidesrecovery.com/womens-addiction-treatment-center/womens-drug-rehab/","0","","0","Indexable",""
"https://anchoredtidesrecovery.com/womens-addiction-treatment-center/veteran-and-miltary-rehabilitation-center/","0","","0","Indexable",""
"https://anchoredtidesrecovery.com/womens-addiction-treatment-center/womens-intensive-outpatient-orange-county/","0","","0","Indexable",""
"https://anchoredtidesrecovery.com/womens-addiction-treatment-center/substance-abuse/","0","","0","Indexable",""
"https://anchoredtidesrecovery.com/womens-addiction-treatment-center/","0","","0","Indexable",""
"https://anchoredtidesrecovery.com/what-is-a-substance-abuse-program-for-women/","0","","0","Indexable",""
"https://anchoredtidesrecovery.com/womens-addiction-treatment-center/womens-partial-hospitalization-program/","0","","0","Indexable",""
"https://anchoredtidesrecovery.com/recovery-resources/","0","","0","Indexable",""
"https://anchoredtidesrecovery.com/about-anchored-tides/","0","","0","Indexable",""
"https://anchoredtidesrecovery.com/trauma-informed-care-for-women/","0","","0","Indexable",""
"https://anchoredtidesrecovery.com/womens-addiction-treatment-center/eating-disorder-treatment/","0","","0","Indexable",""
"https://anchoredtidesrecovery.com/privacy-policy/","0","","0","Indexable",""
"https://anchoredtidesrecovery.com/tour-our-rehab-facility/","0","","0","Indexable",""
"https://anchoredtidesrecovery.com/aetna-information/","0","","0","Indexable",""
"https://anchoredtidesrecovery.com/cigna-information/","0","","0","Indexable",""
"https://anchoredtidesrecovery.com/healthscope-information/","0","","0","Indexable",""
"https://anchoredtidesrecovery.com/bcbs-information/","0","","0","Indexable",""
"https://anchoredtidesrecovery.com/geha/","0","","0","Indexable",""
"https://anchoredtidesrecovery.com/meritain-health/","0","","0","Indexable",""
"https://anchoredtidesrecovery.com/intensive-outpatient-iop-vs-outpatient-programs-op-for-substance-abuse-treatment/","0","","0","Indexable",""
"https://anchoredtidesrecovery.com/childhood-trauma-and-addiction-codependent-issues/","0","","0","Indexable",""
"https://anchoredtidesrecovery.com/category/mental-health-disorders/","0","","0","Indexable",""
"https://anchoredtidesrecovery.com/2024/03/16/","0","","0","Non-Indexable","noindex"
"https://anchoredtidesrecovery.com/what-is-a-high-tolerance/","0","","0","Indexable",""
"https://anchoredtidesrecovery.com/coexisting-eating-disorders-and-addiction/","0","","0","Indexable",""
"https://anchoredtidesrecovery.com/what-is-the-fear-of-eating-in-front-of-others/","0","","0","Indexable",""
"https://anchoredtidesrecovery.com/women-with-addiction/","0","","0","Indexable",""
"https://anchoredtidesrecovery.com/service-areas/newport-beach/","0","","0","Indexable",""
"https://anchoredtidesrecovery.com/treatment-for-co-occuring-disorders/","0","","0","Indexable",""
"https://anchoredtidesrecovery.com/service-areas/orange-county/","0","","0","Indexable",""
"https://anchoredtidesrecovery.com/evidence-based-therapy/","0","","0","Indexable",""
"https://anchoredtidesrecovery.com/beach-treatment/","0","","0","Indexable",""
"https://anchoredtidesrecovery.com/weight-loss-pills-and-addiction/","0","","0","Indexable",""
"https://anchoredtidesrecovery.com/5-drug-detox-withdrawal-symptoms/","0","","0","Indexable",""
"https://anchoredtidesrecovery.com/female-only-treatment-facility/","0","","0","Indexable",""
"https://anchoredtidesrecovery.com/womens-rehab-addressing-the-fears/","0","","0","Indexable",""
"https://anchoredtidesrecovery.com/how-long-does-tramadol-stay-in-your-system/","0","","0","Indexable",""
"https://anchoredtidesrecovery.com/exercise-and-addiction-the-good-and-the-bad/","0","","0","Indexable",""
"https://anchoredtidesrecovery.com/the-relationship-between-adhd-and-substance-abuse/","0","","0","Indexable",""
"https://anchoredtidesrecovery.com/how-long-does-marijuana-stay-in-your-system/","0","","0","Indexable",""
"https://anchoredtidesrecovery.com/how-a-strong-independent-woman-takes-a-stand-against-social-discourses/","0","","0","Indexable",""
"https://anchoredtidesrecovery.com/umr-information/","0","","0","Indexable",""
"https://anchoredtidesrecovery.com/php-vs-iop/","0","","0","Indexable",""
"https://anchoredtidesrecovery.com/how-to-help-someone-with-addiction/","0","","0","Indexable",""
"https://anchoredtidesrecovery.com/blue-xanax-bars/","0","","0","Indexable",""
"https://anchoredtidesrecovery.com/externalizing-questions-in-addiction/","0","","0","Indexable",""
"https://anchoredtidesrecovery.com/how-to-deal-with-burnout-and-depression/","0","","0","Indexable",""
"https://anchoredtidesrecovery.com/becoming-a-sober-mom-the-recovery-guide/","0","","0","Indexable",""
"https://anchoredtidesrecovery.com/the-impact-of-heroin-addiction-on-mothers-and-children/","0","","0","Indexable",""
"https://anchoredtidesrecovery.com/an-in-depth-look-at-services-offered-by-anchored-tides-recovery-center/","0","","0","Indexable",""
"https://anchoredtidesrecovery.com/pride-month-celebrating-pride-while-sober/","0","","0","Indexable",""
"https://anchoredtidesrecovery.com/navigating-the-challenges-of-addiction-recovery/","0","","0","Indexable",""
"https://anchoredtidesrecovery.com/can-you-have-an-exercise-addiction/","0","","0","Indexable",""
"https://anchoredtidesrecovery.com/wellness-tips-for-women-in-early-recovery/","0","","0","Indexable",""
"https://anchoredtidesrecovery.com/travel-to-huntington-beach-for-addiction-treatment/","0","","0","Indexable",""
"https://anchoredtidesrecovery.com/understanding-the-signs-of-addiction-denial-and-how-to-overcome-them/","0","","0","Indexable",""
"https://anchoredtidesrecovery.com/creating-independence-women-in-sobriety/","0","","0","Indexable",""
"https://anchoredtidesrecovery.com/am-i-becoming-an-alcoholic-signs-to-watch-out-for/","0","","0","Indexable",""
"https://anchoredtidesrecovery.com/building-support-system-in-sobriety/","0","","0","Indexable",""
"https://anchoredtidesrecovery.com/is-drug-addiction-a-moral-failing/","0","","0","Indexable",""
"https://anchoredtidesrecovery.com/surf-therapy-program-anchored-tides-recovery/","0","","0","Indexable",""
"https://anchoredtidesrecovery.com/how-to-support-a-loved-one/","0","","0","Indexable",""
"https://anchoredtidesrecovery.com/why-is-heroin-so-addictive/","0","","0","Indexable",""
"https://anchoredtidesrecovery.com/screen-addiction-and-substance-abuse/","0","","0","Indexable",""
"https://anchoredtidesrecovery.com/alcohol-rehab-cost/","0","","0","Indexable",""
"https://anchoredtidesrecovery.com/how-to-fix-codependent-relationship-in-addiction-recovery/","0","","0","Indexable",""
"https://anchoredtidesrecovery.com/understanding-the-spike-in-drug-and-alcohol-use-during-the-holidays/","0","","0","Indexable",""
"https://anchoredtidesrecovery.com/how-to-talk-to-my-partner-about-being-in-recovery/","0","","0","Indexable",""
"https://anchoredtidesrecovery.com/the-holidays-effect-on-mental-health/","0","","0","Indexable",""
"https://anchoredtidesrecovery.com/best-drug-rehab-in-huntington-beach-anchored-tides-recovery/","0","","0","Indexable",""
"https://anchoredtidesrecovery.com/what-never-leaving-your-hometown-does-to-your-brain/","0","","0","Indexable",""
"https://anchoredtidesrecovery.com/ptsd-symptoms-in-addiction-for-women-understanding-the-intersection/","0","","0","Indexable",""
"https://anchoredtidesrecovery.com/common-triggers-for-relapsing-on-drugs-and-alcohol/","0","","0","Indexable",""
"https://anchoredtidesrecovery.com/5-tips-for-overcoming-drug-cravings/","0","","0","Indexable",""
"https://anchoredtidesrecovery.com/the-role-of-nutrition-in-recovery/","0","","0","Indexable",""
"https://anchoredtidesrecovery.com/how-long-does-cocaine-stay-in-your-system/","0","","0","Indexable",""
"https://anchoredtidesrecovery.com/how-eating-disorders-and-substance-use-overlap-in-women/","0","","0","Indexable",""
"https://anchoredtidesrecovery.com/legal-drugs-are-still-drugs-a-hard-pill-to-swallow/","0","","0","Indexable",""
"https://anchoredtidesrecovery.com/marijuana-dui-california/","0","","0","Indexable",""
"https://anchoredtidesrecovery.com/what-is-reiki-therapy/","0","","0","Indexable",""
"https://anchoredtidesrecovery.com/liminal-space-learning-to-transition/","0","","0","Indexable",""
"https://anchoredtidesrecovery.com/understanding-relapse/","0","","0","Indexable",""
"https://anchoredtidesrecovery.com/faqs/","0","","0","Indexable",""
"https://anchoredtidesrecovery.com/knowing-when-its-time-to-plan-a-drug-and-alcohol-intervention/","0","","0","Indexable",""
"https://anchoredtidesrecovery.com/5-steps-to-leave-an-abusive-relationship/","0","","0","Indexable",""
"https://anchoredtidesrecovery.com/all-you-need-to-know-about-gender-specific-rehab/","0","","0","Indexable",""
"https://anchoredtidesrecovery.com/thc-detox-at-anchored-tides-recovery/","0","","0","Indexable",""
"https://anchoredtidesrecovery.com/meditation-for-stress-reduction/","0","","0","Indexable",""
"https://anchoredtidesrecovery.com/how-a-womens-only-addiction-treatment-center-can-help-you/","0","","0","Indexable",""
"https://anchoredtidesrecovery.com/treatment-for-behavioral-addictions/","0","","0","Indexable",""
"https://anchoredtidesrecovery.com/the-risks-of-lsd/","0","","0","Indexable",""
"https://anchoredtidesrecovery.com/mothers-with-a-prescription-drug-addiction/","0","","0","Indexable",""
"https://anchoredtidesrecovery.com/fentanyl-faqs/","0","","0","Indexable",""
"https://anchoredtidesrecovery.com/domestic-abuse-substance-abuse-for-women/","0","","0","Indexable",""
"https://anchoredtidesrecovery.com/journaling-and-expressive-writing/","0","","0","Indexable",""
"https://anchoredtidesrecovery.com/signs-of-alcohol-addiction-does-my-loved-one-need-help/","0","","0","Indexable",""
"https://anchoredtidesrecovery.com/tips-on-finding-a-job-after-rehab/","0","","0","Indexable",""
"https://anchoredtidesrecovery.com/what-mental-illnesses-is-most-common-in-women/","0","","0","Indexable",""
"https://anchoredtidesrecovery.com/relapse-definition-part-of-the-addiction-cycle/","0","","0","Indexable",""
"https://anchoredtidesrecovery.com/holiday-stress-management-tips-for-young-adults/","0","","0","Indexable",""
"https://anchoredtidesrecovery.com/americas-war-on-drugs-did-it-work/","0","","0","Indexable",""
"https://anchoredtidesrecovery.com/the-importance-of-exercise-and-self-care/","0","","0","Indexable",""
"https://anchoredtidesrecovery.com/benefits-of-having-a-social-worker-in/","0","","0","Indexable",""
"https://anchoredtidesrecovery.com/anxiety-at-work/","0","","0","Indexable",""
"https://anchoredtidesrecovery.com/substance-abuse-among-women/","0","","0","Indexable",""
"https://anchoredtidesrecovery.com/power-of-gender-specific-needs/","0","","0","Indexable",""
"https://anchoredtidesrecovery.com/category/alcohol-use-disorder/","0","","0","Indexable",""
"https://anchoredtidesrecovery.com/intensive-outpatient-programs-in-orange-county/","0","","0","Indexable",""
"https://anchoredtidesrecovery.com/relationship-ptsd-symptoms-in-women/","0","","0","Indexable",""
"https://anchoredtidesrecovery.com/suicidal-ideation/","0","","0","Indexable",""
"https://anchoredtidesrecovery.com/support-systems-for-long-term-recovery/","0","","0","Indexable",""
"https://anchoredtidesrecovery.com/breaking-the-habit/","0","","0","Indexable",""
"https://anchoredtidesrecovery.com/coronavirus-disease-covid-19-awareness-and-prevention/","0","","0","Indexable",""
"https://anchoredtidesrecovery.com/womens-addiction-treatment-center/therapies-and-modalities/","0","","0","Indexable",""
"https://anchoredtidesrecovery.com/planning-a-sober-girls-get-together/","0","","0","Indexable",""
"https://anchoredtidesrecovery.com/relapse-prevention-for-women/","0","","0","Indexable",""
"https://anchoredtidesrecovery.com/all-you-need-to-know-about-weed-addiction/","0","","0","Indexable",""
"https://anchoredtidesrecovery.com/how-to-approach-a-loved-one-about-addiction/","0","","0","Indexable",""
"https://anchoredtidesrecovery.com/how-to-identify-toxic-positivity/","0","","0","Indexable",""
"https://anchoredtidesrecovery.com/therapy-options/","0","","0","Indexable",""
"https://anchoredtidesrecovery.com/how-to-navigate-addiction-recovery-during-the-holiday-season/","0","","0","Indexable",""
"https://anchoredtidesrecovery.com/does-being-in-recovery-have-to-be-a-life-sentence/","0","","0","Indexable",""
"https://anchoredtidesrecovery.com/dealing-with-setbacks-in-recovery/","0","","0","Indexable",""
"https://anchoredtidesrecovery.com/category/intensive-outpatient-program/","0","","0","Indexable",""
"https://anchoredtidesrecovery.com/category/levels-of-care/","0","","0","Indexable",""
"https://anchoredtidesrecovery.com/the-relationship-between-personality-traits-and-addiction/","0","","0","Indexable",""
"https://anchoredtidesrecovery.com/relapse-triggers-and-what-you-should-look-out-for/","0","","0","Indexable",""
"https://anchoredtidesrecovery.com/outpatient-treatment-long-term-success/","0","","0","Indexable",""
"https://anchoredtidesrecovery.com/how-to-talk-to-your-family-about-mat/","0","","0","Indexable",""
"https://anchoredtidesrecovery.com/holistic-approach-to-addiction-treatment/","0","","0","Indexable",""
"https://anchoredtidesrecovery.com/benefits-of-female-only-treatment/","0","","0","Indexable",""
"https://anchoredtidesrecovery.com/the-silence-of-a-clients-death/","0","","0","Indexable",""
"https://anchoredtidesrecovery.com/how-to-stop-alcohol-cravings/","0","","0","Indexable",""
"https://anchoredtidesrecovery.com/the-reality-of-dating-an-addict/","0","","0","Indexable",""
"https://anchoredtidesrecovery.com/is-drug-addiction-genetic/","0","","0","Indexable",""
"https://anchoredtidesrecovery.com/after-care-with-supportive-housing/","0","","0","Indexable",""
"https://anchoredtidesrecovery.com/outpatient-treatment/","0","","0","Indexable",""
"https://anchoredtidesrecovery.com/a-guide-to-being-a-better-parent-in-recovery/","0","","0","Indexable",""
"https://anchoredtidesrecovery.com/how-long-does-marijuana-stay-in-your-system-2/","0","","0","Indexable",""
"https://anchoredtidesrecovery.com/maintaining-sobriety/","0","","0","Indexable",""
"https://anchoredtidesrecovery.com/dialectical-behavior-therapy-and-you/","0","","0","Indexable",""
"https://anchoredtidesrecovery.com/coaching-options/","0","","0","Indexable",""
"https://anchoredtidesrecovery.com/non-12-step-treatment-in-huntington-beach-ca/","0","","0","Indexable",""
"https://anchoredtidesrecovery.com/stigmas-of-mental-health-and-addiction/","0","","0","Indexable",""
"https://anchoredtidesrecovery.com/category/relapse-recovery-maintenance/","0","","0","Indexable",""
"https://anchoredtidesrecovery.com/creating-your-success-story-opting-for-alcohol-or-drug-treatment/","0","","0","Indexable",""
"https://anchoredtidesrecovery.com/following-the-principle-of-love-languages/","0","","0","Indexable",""
"https://anchoredtidesrecovery.com/a-huntington-beach-california-womens-only-outpatient-program/","0","","0","Indexable",""
"https://anchoredtidesrecovery.com/united-healthcare-information/","0","","0","Indexable",""
"https://anchoredtidesrecovery.com/embracing-a-life-beyond-addiction/","0","","0","Indexable",""
"https://anchoredtidesrecovery.com/what-makes-womens-addiction-treatment-unique/","0","","0","Indexable",""
"https://anchoredtidesrecovery.com/women-and-addiction-understanding-the-connection-and-overcoming-stigma/","0","","0","Indexable",""
"https://anchoredtidesrecovery.com/older-women-and-alcohol-use/","0","","0","Indexable",""
"https://anchoredtidesrecovery.com/understanding-emotional-sobriety/","0","","0","Indexable",""
"https://anchoredtidesrecovery.com/overcoming-shame-and-guilt/","0","","0","Indexable",""
"https://anchoredtidesrecovery.com/what-are-the-different-types-of-addiction/","0","","0","Indexable",""
"https://anchoredtidesrecovery.com/is-gender-specific-treatment-actually-gender-specific/","0","","0","Indexable",""
"https://anchoredtidesrecovery.com/dont-be-intimidated-by-the-people-who-will-save-you/","0","","0","Indexable",""
"https://anchoredtidesrecovery.com/how-to-stop-comparing-yourself-to-others/","0","","0","Indexable",""
"https://anchoredtidesrecovery.com/fun-sober-nights-with-friends/","0","","0","Indexable",""
"https://anchoredtidesrecovery.com/what-is-addiction/","0","","0","Indexable",""
"https://anchoredtidesrecovery.com/how-to-confide-in-your-partner-about-your-addiction/","0","","0","Indexable",""
"https://anchoredtidesrecovery.com/xanax-addiction-treatment-near-me/","0","","0","Indexable",""
"https://anchoredtidesrecovery.com/womens-relapse-triggers-during-winter/","0","","0","Indexable",""
"https://anchoredtidesrecovery.com/addiction-during-pregnancy-and-inpatient-rehab-for-women/","0","","0","Indexable",""
"https://anchoredtidesrecovery.com/al-anon/","0","","0","Indexable",""
"https://anchoredtidesrecovery.com/how-long-does-ativan-stay-in-your-system/","0","","0","Indexable",""
"https://anchoredtidesrecovery.com/technology-and-substance-abuse/","0","","0","Indexable",""
"https://anchoredtidesrecovery.com/outpatient-drug-rehab-for-women/","0","","0","Indexable",""
"https://anchoredtidesrecovery.com/meditation-in-addiction-recovery/","0","","0","Indexable",""
"https://anchoredtidesrecovery.com/mindfulness-meditation/","0","","0","Indexable",""
"https://anchoredtidesrecovery.com/body-dysmorphia-and-anorexia/","0","","0","Indexable",""
"https://anchoredtidesrecovery.com/what-its-like-being-a-late-bloomer-in-alcoholism/","0","","0","Indexable",""
"https://anchoredtidesrecovery.com/therapy-in-rehab/","0","","0","Indexable",""
"https://anchoredtidesrecovery.com/types-of-therapy-for-addiction-treatment/","0","","0","Indexable",""
"https://anchoredtidesrecovery.com/trauma-disorders/","0","","0","Indexable",""
"https://anchoredtidesrecovery.com/parenting-someone-with-a-cocaine-addiction/","0","","0","Indexable",""
"https://anchoredtidesrecovery.com/alcoholism-gender-and-the-rate-of-addiction-in-women/","0","","0","Indexable",""
"https://anchoredtidesrecovery.com/how-the-covid-19-lockdown-changed-addiction-treatment/","0","","0","Indexable",""
"https://anchoredtidesrecovery.com/narcotics-anonymous-12-steps/","0","","0","Indexable",""
"https://anchoredtidesrecovery.com/why-women-relapse-and-binge/","0","","0","Indexable",""
"https://anchoredtidesrecovery.com/breaking-down-the-12-step-program/","0","","0","Indexable",""
"https://anchoredtidesrecovery.com/ongoing-support-in-recovery/","0","","0","Indexable",""
"https://anchoredtidesrecovery.com/heated-yoga-for-depression/","0","","0","Indexable",""
"https://anchoredtidesrecovery.com/opioid-overdose-causes-signs-and-precautions/","0","","0","Indexable",""
"https://anchoredtidesrecovery.com/building-emotional-intelligence/","0","","0","Indexable",""
"https://anchoredtidesrecovery.com/quitting-nicotine-the-next-step-to-a-healthy-life/","0","","0","Indexable",""
"https://anchoredtidesrecovery.com/women-drugs-commonly-abused-prescription-drugs/","0","","0","Indexable",""
"https://anchoredtidesrecovery.com/finding-a-work-life-balance/","0","","0","Indexable",""
"https://anchoredtidesrecovery.com/alcohol-addiction-recovery-women/","0","","0","Indexable",""
"https://anchoredtidesrecovery.com/xanax-addiction/","0","","0","Indexable",""
"https://anchoredtidesrecovery.com/creating-an-alternative-identity-to-being-an-addict/","0","","0","Indexable",""
"https://anchoredtidesrecovery.com/developing-a-support-system/","0","","0","Indexable",""
"https://anchoredtidesrecovery.com/how-food-affects-your-mood/","0","","0","Indexable",""
"https://anchoredtidesrecovery.com/how-to-help-your-daughter-with-drug-addiction/","0","","0","Indexable",""
"https://anchoredtidesrecovery.com/the-link-between-sexual-abuse-and-addiction/","0","","0","Indexable",""
"https://anchoredtidesrecovery.com/southern-california-drug-rehab/","0","","0","Indexable",""
"https://anchoredtidesrecovery.com/differences-in-gender-specific-treatment/","0","","0","Indexable",""
"https://anchoredtidesrecovery.com/womens-addiction-treatment-center/therapies-and-modalities/cognitive-behavioral-therapy-cbt/","0","","0","Indexable",""
"https://anchoredtidesrecovery.com/is-heroin-addiction-a-disease/","0","","0","Indexable",""
"https://anchoredtidesrecovery.com/creating-a-new-self-image-in-recovery/","0","","0","Indexable",""
"https://anchoredtidesrecovery.com/finding-purpose-in-recovery/","0","","0","Indexable",""
"https://anchoredtidesrecovery.com/what-to-expect-in-rehab/","0","","0","Indexable",""
"https://anchoredtidesrecovery.com/what-is-a-spiritual-awakening-in-recovery/","0","","0","Indexable",""
"https://anchoredtidesrecovery.com/spirituality-and-sobriety/","0","","0","Indexable",""
"https://anchoredtidesrecovery.com/service-areas/costa-mesa/","0","","0","Indexable",""
"https://anchoredtidesrecovery.com/opioid-relapse-in-women/","0","","0","Indexable",""
"https://anchoredtidesrecovery.com/does-having-an-addictive-personality-lead-to-addiction/","0","","0","Indexable",""
"https://anchoredtidesrecovery.com/alternatives-to-alcohol-to-relax/","0","","0","Indexable",""
"https://anchoredtidesrecovery.com/living-with-chronic-pain/","0","","0","Indexable",""
"https://anchoredtidesrecovery.com/signs-a-loved-one-is-struggling-with-alcoholism-or-addiction/","0","","0","Indexable",""
"https://anchoredtidesrecovery.com/how-drug-addiction-ruined-my-life/","0","","0","Indexable",""
"https://anchoredtidesrecovery.com/dbt-in-recovery/","0","","0","Indexable",""
"https://anchoredtidesrecovery.com/why-women-relapse-during-the-fall/","0","","0","Indexable",""
"https://anchoredtidesrecovery.com/fetal-alcohol-syndrome-diagnosis-epidemiology-prevention-and-treatment/","0","","0","Indexable",""
"https://anchoredtidesrecovery.com/empowerment-and-growth-celebrating-womens-strengths-and-achievements-in-recovery/","0","","0","Indexable",""
"https://anchoredtidesrecovery.com/how-to-find-the-right-rehab-center-for-you/","0","","0","Indexable",""
"https://anchoredtidesrecovery.com/is-outpatient-rehab-effective-for-women/","0","","0","Indexable",""
"https://anchoredtidesrecovery.com/substance-abuse-co-dependency/","0","","0","Indexable",""
"https://anchoredtidesrecovery.com/5-influential-women/","0","","0","Indexable",""
"https://anchoredtidesrecovery.com/understanding-dual-diagnosis-treatment-for-women/","0","","0","Indexable",""
"https://anchoredtidesrecovery.com/importance-of-social-support-groups/","0","","0","Indexable",""
"https://anchoredtidesrecovery.com/understanding-addiction-taking-care-of-your-mental-health-when-a-loved-one-is-battling-addiction/","0","","0","Indexable",""
"https://anchoredtidesrecovery.com/am-i-an-alcoholic-can-you-be-an-alcoholic-and-not-drink-every-day/","0","","0","Indexable",""
"https://anchoredtidesrecovery.com/female-musicians-beat-addiction/","0","","0","Indexable",""
"https://anchoredtidesrecovery.com/maintaining-long-term-sobriety/","0","","0","Indexable",""
"https://anchoredtidesrecovery.com/cocaine-addiction-in-women/","0","","0","Indexable",""
"https://anchoredtidesrecovery.com/the-guide-to-eating-disorders-in-women/","0","","0","Indexable",""
"https://anchoredtidesrecovery.com/veteran-mental-health/","0","","0","Indexable",""
"https://anchoredtidesrecovery.com/are-you-looking-for-a-rehab-treatment-center-in-huntington-beach-ca/","0","","0","Indexable",""
"https://anchoredtidesrecovery.com/addiction-and-employment-get-help-dont-get-fired/","0","","0","Indexable",""
"https://anchoredtidesrecovery.com/what-is-oppositional-defiant-disorder-odd/","0","","0","Indexable",""
"https://anchoredtidesrecovery.com/a-guide-to-success-planning-an-intervention/","0","","0","Indexable",""
"https://anchoredtidesrecovery.com/life-beyond-addiction/","0","","0","Indexable",""
"https://anchoredtidesrecovery.com/individualized-treatment-plans/","0","","0","Indexable",""
"https://anchoredtidesrecovery.com/what-are-the-best-crystals-for-anxiety-and-stress/","0","","0","Indexable",""
"https://anchoredtidesrecovery.com/why-cant-i-control-my-drinking-after-just-one-drink/","0","","0","Indexable",""
"https://anchoredtidesrecovery.com/trauma-informed-therapy-long-term-sobriety/","0","","0","Indexable",""
"https://anchoredtidesrecovery.com/anchored-tides-supports-rock-to-recovery-benefit/","0","","0","Indexable",""
"https://anchoredtidesrecovery.com/spirituality-for-women-in-recovery/","0","","0","Indexable",""
"https://anchoredtidesrecovery.com/why-young-women-self-silence-and-its-impact-on-mental-health/","0","","0","Indexable",""
"https://anchoredtidesrecovery.com/holistic-ways-for-women-to-manage-pain-in-recovery/","0","","0","Indexable",""
"https://anchoredtidesrecovery.com/life-skills-early-recovery-title/","0","","0","Indexable",""
"https://anchoredtidesrecovery.com/life-in-recovery/","0","","0","Indexable",""
"https://anchoredtidesrecovery.com/alcohol-and-postpartum-depression/","0","","0","Indexable",""
"https://anchoredtidesrecovery.com/outdoor-therapy-for-women-in-recovery/","0","","0","Indexable",""
"https://anchoredtidesrecovery.com/partial-hospitalization-for-you/","0","","0","Indexable",""
"https://anchoredtidesrecovery.com/category/partial-hospitalization-program/","0","","0","Indexable",""
"https://anchoredtidesrecovery.com/common-opioid-drugs-what-you-need-to-know/","0","","0","Indexable",""
"https://anchoredtidesrecovery.com/the-rise-of-nicotine-addiction/","0","","0","Indexable",""
"https://anchoredtidesrecovery.com/how-long-does-alcohol-stay-in-your-system/","0","","0","Indexable",""
"https://anchoredtidesrecovery.com/sober-living-for-women-in-huntington-beach/","0","","0","Indexable",""
"https://anchoredtidesrecovery.com/mdma-ptsd-recovering-from-trauma/","0","","0","Indexable",""
"https://anchoredtidesrecovery.com/downgrading-from-hard-drugs/","0","","0","Indexable",""
"https://anchoredtidesrecovery.com/understanding-the-duration-of-molly-in-your-urine/","0","","0","Indexable",""
"https://anchoredtidesrecovery.com/sober-october/","0","","0","Indexable",""
"https://anchoredtidesrecovery.com/careers-that-go-well-with-being-in-recovery/","0","","0","Indexable",""
"https://anchoredtidesrecovery.com/overcoming-cravings-one-day-at-a-time/","0","","0","Indexable",""
"https://anchoredtidesrecovery.com/the-best-dual-diagnosis-treatment-centers-for-women/","0","","0","Indexable",""
"https://anchoredtidesrecovery.com/self-awareness-mastery-of-emotional-intelligence/","0","","0","Indexable",""
"https://anchoredtidesrecovery.com/5-questions-to-ask-when-dealing-with-trauma-and-rehab/","0","","0","Indexable",""
"https://anchoredtidesrecovery.com/building-resilience/","0","","0","Indexable",""
"https://anchoredtidesrecovery.com/easy-self-care-and-self-love-tips-for-an-addict/","0","","0","Indexable",""
"https://anchoredtidesrecovery.com/adderalls-long-term-dependency-and-its-correlation-with-eating-disorders/","0","","0","Indexable",""
"https://anchoredtidesrecovery.com/the-importance-of-self-forgiveness-in-recovery/","0","","0","Indexable",""
"https://anchoredtidesrecovery.com/most-addictive-prescription-drugs/","0","","0","Indexable",""
"https://anchoredtidesrecovery.com/postpartum-depression/","0","","0","Indexable",""
"https://anchoredtidesrecovery.com/signs-of-heroin-use-in-teens-and-young-adults/","0","","0","Indexable",""
"https://anchoredtidesrecovery.com/will-insurance-cover-my-treatment/","0","","0","Indexable",""
"https://anchoredtidesrecovery.com/holistic-treatments-for-anxiety/","0","","0","Indexable",""
"https://anchoredtidesrecovery.com/video-gallery/","0","","0","Indexable",""
"https://anchoredtidesrecovery.com/coping-with-relapse/","0","","0","Indexable",""
"https://anchoredtidesrecovery.com/fun-in-early-sobriety/","0","","0","Indexable",""
"https://anchoredtidesrecovery.com/what-is-disordered-eating/","0","","0","Indexable",""
"https://anchoredtidesrecovery.com/category/therapies-modalities/","0","","0","Indexable",""
"https://anchoredtidesrecovery.com/family-support-resources/","0","","0","Indexable",""
"https://anchoredtidesrecovery.com/why-come-to-huntington-beach-to-get-sober/","0","","0","Indexable",""
"https://anchoredtidesrecovery.com/journaling-in-recovery/","0","","0","Indexable",""
"https://anchoredtidesrecovery.com/the-dangers-of-prescription-pills/","0","","0","Indexable",""
"https://anchoredtidesrecovery.com/benefits-of-group-therapy/","0","","0","Indexable",""
"https://anchoredtidesrecovery.com/anchored-tides-recovery-is-in-net-with-cigna/","0","","0","Indexable",""
"https://anchoredtidesrecovery.com/womens-rehabilitation-center/","0","","0","Indexable",""
"https://anchoredtidesrecovery.com/the-impact-of-oppression-on-womens-mental-health/","0","","0","Indexable",""
"https://anchoredtidesrecovery.com/future-scenarios-pathways-to-meet-your-goals/","0","","0","Indexable",""
"https://anchoredtidesrecovery.com/managing-triggers/","0","","0","Indexable",""
"https://anchoredtidesrecovery.com/staying-on-track/","0","","0","Indexable",""
"https://anchoredtidesrecovery.com/what-is-a-php-program-for-substance-abuse/","0","","0","Indexable",""
"https://anchoredtidesrecovery.com/understanding-the-risks-of-mixing-tramadol-and-alcohol/","0","","0","Indexable",""
"https://anchoredtidesrecovery.com/subutex-and-suboxone/","0","","0","Indexable",""
"https://anchoredtidesrecovery.com/weight-loss-from-drug-use/","0","","0","Indexable",""
"https://anchoredtidesrecovery.com/addiction-and-self-harm/","0","","0","Indexable",""
"https://anchoredtidesrecovery.com/recognizing-high-functioning-alcoholic-signs-in-loved-ones/","0","","0","Indexable",""
"https://anchoredtidesrecovery.com/how-long-have-drugs-been-around/","0","","0","Indexable",""
"https://anchoredtidesrecovery.com/is-it-still-addiction-if-the-drug-is-legal-exploring-the-impact-of-legal-substances-on-womens-health/","0","","0","Indexable",""
"https://anchoredtidesrecovery.com/benefits-of-a-womens-only-addiction-treatment-center/","0","","0","Indexable",""
"https://anchoredtidesrecovery.com/mental-health-awareness-month/","0","","0","Indexable",""
"https://anchoredtidesrecovery.com/exploring-the-pros-and-cons-of-seeking-addiction-treatment/","0","","0","Indexable",""
"https://anchoredtidesrecovery.com/the-problem-with-cannabis-commercialization-in-california/","0","","0","Indexable",""
"https://anchoredtidesrecovery.com/resilience-you-are-strong-not-broken/","0","","0","Indexable",""
"https://anchoredtidesrecovery.com/sending-a-loved-one-to-treatment/","0","","0","Indexable",""
"https://anchoredtidesrecovery.com/addiction-recovery/","0","","0","Indexable",""
"https://anchoredtidesrecovery.com/finding-an-iop-in-orange-county-ca/","0","","0","Indexable",""
"https://anchoredtidesrecovery.com/helping-a-loved-one-with-addiction/","0","","0","Indexable",""
"https://anchoredtidesrecovery.com/physical-and-mental-long-term-side-effects-of-covid-19/","0","","0","Indexable",""
"https://anchoredtidesrecovery.com/what-is-transfer-addiction/","0","","0","Indexable",""
"https://anchoredtidesrecovery.com/fentanyl-addiction-faqs/","0","","0","Indexable",""
"https://anchoredtidesrecovery.com/how-to-talk-to-an-addict-about-going-to-rehab/","0","","0","Indexable",""
"https://anchoredtidesrecovery.com/drug-detox/","0","","0","Indexable",""
"https://anchoredtidesrecovery.com/ptsd-symptoms-in-women/","0","","0","Indexable",""
"https://anchoredtidesrecovery.com/law-enforcement-and-addiction-recovery/","0","","0","Indexable",""
"https://anchoredtidesrecovery.com/signs-of-love-addiction/","0","","0","Indexable",""
"https://anchoredtidesrecovery.com/gateway-drugs/","0","","0","Indexable",""
"https://anchoredtidesrecovery.com/staying-sober-alcohol-addiction-in-women/","0","","0","Indexable",""
"https://anchoredtidesrecovery.com/how-ptsd-and-addiction-are-linked/","0","","0","Indexable",""
"https://anchoredtidesrecovery.com/creating-an-effective-plan-for-overcoming-addiction/","0","","0","Indexable",""
"https://anchoredtidesrecovery.com/can-having-an-emotional-support-animal-help-with-recovery/","0","","0","Indexable",""
"https://anchoredtidesrecovery.com/how-to-quit-alcohol/","0","","0","Indexable",""
"https://anchoredtidesrecovery.com/lets-quit-abusing-drug-users/","0","","0","Indexable",""
"https://anchoredtidesrecovery.com/cognitive-behavioral-therapy-cbt-vs-dialectical-behavior-therapy-dbt/","0","","0","Indexable",""
"https://anchoredtidesrecovery.com/back-to-school-stress-and-recovery/","0","","0","Indexable",""
"https://anchoredtidesrecovery.com/overcoming-denial/","0","","0","Indexable",""
"https://anchoredtidesrecovery.com/dual-diagnosis-and-treating-problems-at-the-root/","0","","0","Indexable",""
"https://anchoredtidesrecovery.com/choosing-an-aftercare-facility-questions-to-ask/","0","","0","Indexable",""
"https://anchoredtidesrecovery.com/womens-addiction-treatment-why-its-necessary/","0","","0","Indexable",""
"https://anchoredtidesrecovery.com/teenage-addictions/","0","","0","Indexable",""
"https://anchoredtidesrecovery.com/methadone-faqs/","0","","0","Indexable",""
"https://anchoredtidesrecovery.com/support-options/","0","","0","Indexable",""
"https://anchoredtidesrecovery.com/8-steps-to-a-happy-life/","0","","0","Indexable",""
"https://anchoredtidesrecovery.com/medication-assisted-treatment/","0","","0","Indexable",""
"https://anchoredtidesrecovery.com/drug-addiction-in-elderly-women/","0","","0","Indexable",""
"https://anchoredtidesrecovery.com/is-social-media-a-drug/","0","","0","Indexable",""
"https://anchoredtidesrecovery.com/preparing-your-children-for-when-you-go-to-drug-addiction-rehab/","0","","0","Indexable",""
"https://anchoredtidesrecovery.com/how-to-heal-the-brain-after-drug-use/","0","","0","Indexable",""
"https://anchoredtidesrecovery.com/moderation-in-drugs-a-dangerous-road-or-logical-harm-reduction/","0","","0","Indexable",""
"https://anchoredtidesrecovery.com/celebrating-womens-history-month/","0","","0","Indexable",""
"https://anchoredtidesrecovery.com/relationships-in-therapy-finding-romance-in-treatment/","0","","0","Indexable",""
"https://anchoredtidesrecovery.com/women-only-addiction-treatment-in-huntington-beach/","0","","0","Indexable",""
"https://anchoredtidesrecovery.com/is-my-binge-drinking-becoming-a-problem/","0","","0","Indexable",""
"https://anchoredtidesrecovery.com/category/addiction-treatment/","0","","0","Non-Indexable","noindex"
"https://anchoredtidesrecovery.com/2020/09/16/","0","","0","Non-Indexable","noindex"
"https://anchoredtidesrecovery.com/2020/05/06/","0","","0","Non-Indexable","noindex"
"https://anchoredtidesrecovery.com/2021/11/12/","0","","0","Non-Indexable","noindex"
"https://anchoredtidesrecovery.com/2021/07/09/","0","","0","Non-Indexable","noindex"
"https://anchoredtidesrecovery.com/2020/12/22/","0","","0","Non-Indexable","noindex"
"https://anchoredtidesrecovery.com/2026/02/26/","0","","0","Non-Indexable","noindex"
"https://anchoredtidesrecovery.com/2023/12/07/","0","","0","Non-Indexable","noindex"
"https://anchoredtidesrecovery.com/2022/02/01/","0","","0","Non-Indexable","noindex"
"https://anchoredtidesrecovery.com/2022/03/25/","0","","0","Non-Indexable","noindex"
"https://anchoredtidesrecovery.com/2021/08/20/","0","","0","Non-Indexable","noindex"
"https://anchoredtidesrecovery.com/2021/03/19/","0","","0","Non-Indexable","noindex"
"https://anchoredtidesrecovery.com/2026/01/13/","0","","0","Non-Indexable","noindex"
"https://anchoredtidesrecovery.com/2024/06/19/","0","","0","Non-Indexable","noindex"
"https://anchoredtidesrecovery.com/2025/12/22/","0","","0","Non-Indexable","noindex"
"https://anchoredtidesrecovery.com/2021/05/17/","0","","0","Non-Indexable","noindex"
"https://anchoredtidesrecovery.com/2021/09/17/","0","","0","Non-Indexable","noindex"
"https://anchoredtidesrecovery.com/2020/11/18/","0","","0","Non-Indexable","noindex"
"https://anchoredtidesrecovery.com/2021/10/29/","0","","0","Non-Indexable","noindex"
"https://anchoredtidesrecovery.com/2020/11/19/","0","","0","Non-Indexable","noindex"
"https://anchoredtidesrecovery.com/2022/02/15/","0","","0","Non-Indexable","noindex"
"https://anchoredtidesrecovery.com/2021/01/12/","0","","0","Non-Indexable","noindex"
"https://anchoredtidesrecovery.com/2024/02/16/","0","","0","Non-Indexable","noindex"
"https://anchoredtidesrecovery.com/2023/09/15/","0","","0","Non-Indexable","noindex"
"https://anchoredtidesrecovery.com/2024/01/26/","0","","0","Non-Indexable","noindex"
"https://anchoredtidesrecovery.com/2021/12/28/","0","","0","Non-Indexable","noindex"
"https://anchoredtidesrecovery.com/2021/03/26/","0","","0","Non-Indexable","noindex"
"https://anchoredtidesrecovery.com/2021/06/07/","0","","0","Non-Indexable","noindex"
"https://anchoredtidesrecovery.com/2021/12/14/","0","","0","Non-Indexable","noindex"
"https://anchoredtidesrecovery.com/category/recovery/","0","","0","Non-Indexable","noindex"
"https://anchoredtidesrecovery.com/2021/05/21/","0","","0","Non-Indexable","noindex"
"https://anchoredtidesrecovery.com/2021/11/05/","0","","0","Non-Indexable","noindex"
"https://anchoredtidesrecovery.com/2021/06/25/","0","","0","Non-Indexable","noindex"
"https://anchoredtidesrecovery.com/2021/08/24/","0","","0","Non-Indexable","noindex"
"https://anchoredtidesrecovery.com/2021/05/31/","0","","0","Non-Indexable","noindex"
"https://anchoredtidesrecovery.com/2021/05/10/","0","","0","Non-Indexable","noindex"
"https://anchoredtidesrecovery.com/2025/06/13/","0","","0","Non-Indexable","noindex"
"https://anchoredtidesrecovery.com/2024/10/28/","0","","0","Non-Indexable","noindex"
"https://anchoredtidesrecovery.com/2024/02/06/","0","","0","Non-Indexable","noindex"
"https://anchoredtidesrecovery.com/2022/04/01/","0","","0","Non-Indexable","noindex"
"https://anchoredtidesrecovery.com/2025/05/12/","0","","0","Non-Indexable","noindex"
"https://anchoredtidesrecovery.com/2020/06/18/","0","","0","Non-Indexable","noindex"
"https://anchoredtidesrecovery.com/2021/03/12/","0","","0","Non-Indexable","noindex"
"https://anchoredtidesrecovery.com/2021/06/29/","0","","0","Non-Indexable","noindex"
"https://anchoredtidesrecovery.com/2021/06/22/","0","","0","Non-Indexable","noindex"
"https://anchoredtidesrecovery.com/2022/02/11/","0","","0","Non-Indexable","noindex"
"https://anchoredtidesrecovery.com/2020/10/13/","0","","0","Non-Indexable","noindex"
"https://anchoredtidesrecovery.com/2020/03/24/","0","","0","Non-Indexable","noindex"
"https://anchoredtidesrecovery.com/2024/09/16/","0","","0","Non-Indexable","noindex"
"https://anchoredtidesrecovery.com/2021/08/10/","0","","0","Non-Indexable","noindex"
"https://anchoredtidesrecovery.com/2020/09/09/","0","","0","Non-Indexable","noindex"
"https://anchoredtidesrecovery.com/2024/12/03/","0","","0","Non-Indexable","noindex"
"https://anchoredtidesrecovery.com/2020/10/19/","0","","0","Non-Indexable","noindex"
"https://anchoredtidesrecovery.com/2020/10/23/","0","","0","Non-Indexable","noindex"
"https://anchoredtidesrecovery.com/2021/09/14/","0","","0","Non-Indexable","noindex"
"https://anchoredtidesrecovery.com/2024/08/28/","0","","0","Non-Indexable","noindex"
"https://anchoredtidesrecovery.com/2025/11/21/","0","","0","Non-Indexable","noindex"
"https://anchoredtidesrecovery.com/2021/08/06/","0","","0","Non-Indexable","noindex"
"https://anchoredtidesrecovery.com/2026/01/22/","0","","0","Non-Indexable","noindex"
"https://anchoredtidesrecovery.com/2021/10/15/","0","","0","Non-Indexable","noindex"
"https://anchoredtidesrecovery.com/2021/12/31/","0","","0","Non-Indexable","noindex"
"https://anchoredtidesrecovery.com/2021/09/07/","0","","0","Non-Indexable","noindex"
"https://anchoredtidesrecovery.com/2025/09/15/","0","","0","Non-Indexable","noindex"
"https://anchoredtidesrecovery.com/2020/07/20/","0","","0","Non-Indexable","noindex"
"https://anchoredtidesrecovery.com/2025/12/31/","0","","0","Non-Indexable","noindex"
"https://anchoredtidesrecovery.com/2020/02/21/","0","","0","Non-Indexable","noindex"
"https://anchoredtidesrecovery.com/2021/03/23/","0","","0","Non-Indexable","noindex"
"https://anchoredtidesrecovery.com/2025/01/06/","0","","0","Non-Indexable","noindex"
"https://anchoredtidesrecovery.com/2021/09/21/","0","","0","Non-Indexable","noindex"
"https://anchoredtidesrecovery.com/2025/09/08/","0","","0","Non-Indexable","noindex"
"https://anchoredtidesrecovery.com/2021/11/16/","0","","0","Non-Indexable","noindex"
"https://anchoredtidesrecovery.com/category/substance-use-disorders/","0","","0","Non-Indexable","noindex"
"https://anchoredtidesrecovery.com/category/addiction/","0","","0","Non-Indexable","noindex"
"https://anchoredtidesrecovery.com/2021/05/07/","0","","0","Non-Indexable","noindex"
"https://anchoredtidesrecovery.com/2024/07/17/","0","","0","Non-Indexable","noindex"
"https://anchoredtidesrecovery.com/2021/10/22/","0","","0","Non-Indexable","noindex"
"https://anchoredtidesrecovery.com/2020/02/17/","0","","0","Non-Indexable","noindex"
"https://anchoredtidesrecovery.com/2025/05/23/","0","","0","Non-Indexable","noindex"
"https://anchoredtidesrecovery.com/2024/10/25/","0","","0","Non-Indexable","noindex"
"https://anchoredtidesrecovery.com/2021/02/18/","0","","0","Non-Indexable","noindex"
"https://anchoredtidesrecovery.com/2024/11/14/","0","","0","Non-Indexable","noindex"
"https://anchoredtidesrecovery.com/2025/02/17/","0","","0","Non-Indexable","noindex"
"https://anchoredtidesrecovery.com/2022/01/11/","0","","0","Non-Indexable","noindex"
"https://anchoredtidesrecovery.com/2021/12/07/","0","","0","Non-Indexable","noindex"
"https://anchoredtidesrecovery.com/2021/07/13/","0","","0","Non-Indexable","noindex"
"https://anchoredtidesrecovery.com/2020/02/07/","0","","0","Non-Indexable","noindex"
"https://anchoredtidesrecovery.com/2025/03/25/","0","","0","Non-Indexable","noindex"
"https://anchoredtidesrecovery.com/2021/12/17/","0","","0","Non-Indexable","noindex"
"https://anchoredtidesrecovery.com/2022/04/05/","0","","0","Non-Indexable","noindex"
"https://anchoredtidesrecovery.com/2020/03/17/","0","","0","Non-Indexable","noindex"
"https://anchoredtidesrecovery.com/2020/06/23/","0","","0","Non-Indexable","noindex"
"https://anchoredtidesrecovery.com/2025/11/04/","0","","0","Non-Indexable","noindex"
"https://anchoredtidesrecovery.com/2021/03/29/","0","","0","Non-Indexable","noindex"
"https://anchoredtidesrecovery.com/2021/11/26/","0","","0","Non-Indexable","noindex"
"https://anchoredtidesrecovery.com/2024/12/17/","0","","0","Non-Indexable","noindex"
"https://anchoredtidesrecovery.com/2021/07/27/","0","","0","Non-Indexable","noindex"
"https://anchoredtidesrecovery.com/2021/07/30/","0","","0","Non-Indexable","noindex"
"https://anchoredtidesrecovery.com/2020/05/13/","0","","0","Non-Indexable","noindex"
"https://anchoredtidesrecovery.com/2020/04/22/","0","","0","Non-Indexable","noindex"
"https://anchoredtidesrecovery.com/2026/01/29/","0","","0","Non-Indexable","noindex"
"https://anchoredtidesrecovery.com/2019/11/25/","0","","0","Non-Indexable","noindex"
"https://anchoredtidesrecovery.com/2022/03/08/","0","","0","Non-Indexable","noindex"
"https://anchoredtidesrecovery.com/2021/09/10/","0","","0","Non-Indexable","noindex"
"https://anchoredtidesrecovery.com/2021/11/09/","0","","0","Non-Indexable","noindex"
"https://anchoredtidesrecovery.com/2023/10/05/","0","","0","Non-Indexable","noindex"
"https://anchoredtidesrecovery.com/2021/05/14/","0","","0","Non-Indexable","noindex"
"https://anchoredtidesrecovery.com/2022/01/04/","0","","0","Non-Indexable","noindex"
"https://anchoredtidesrecovery.com/2021/04/26/","0","","0","Non-Indexable","noindex"
"https://anchoredtidesrecovery.com/2021/05/28/","0","","0","Non-Indexable","noindex"
"https://anchoredtidesrecovery.com/2025/02/07/","0","","0","Non-Indexable","noindex"
"https://anchoredtidesrecovery.com/2026/01/09/","0","","0","Non-Indexable","noindex"
"https://anchoredtidesrecovery.com/2021/12/24/","0","","0","Non-Indexable","noindex"
"https://anchoredtidesrecovery.com/2021/10/01/","0","","0","Non-Indexable","noindex"
"https://anchoredtidesrecovery.com/2021/07/02/","0","","0","Non-Indexable","noindex"
"https://anchoredtidesrecovery.com/2022/02/04/","0","","0","Non-Indexable","noindex"
"https://anchoredtidesrecovery.com/2020/08/14/","0","","0","Non-Indexable","noindex"
"https://anchoredtidesrecovery.com/2021/01/15/","0","","0","Non-Indexable","noindex"
"https://anchoredtidesrecovery.com/2025/12/15/","0","","0","Non-Indexable","noindex"
"https://anchoredtidesrecovery.com/2021/04/30/","0","","0","Non-Indexable","noindex"
"https://anchoredtidesrecovery.com/2024/02/19/","0","","0","Non-Indexable","noindex"
"https://anchoredtidesrecovery.com/2024/01/19/","0","","0","Non-Indexable","noindex"
"https://anchoredtidesrecovery.com/2021/12/21/","0","","0","Non-Indexable","noindex"
"https://anchoredtidesrecovery.com/2020/03/12/","0","","0","Non-Indexable","noindex"
"https://anchoredtidesrecovery.com/2024/06/03/","0","","0","Non-Indexable","noindex"
"https://anchoredtidesrecovery.com/2021/07/06/","0","","0","Non-Indexable","noindex"
"https://anchoredtidesrecovery.com/2024/01/22/","0","","0","Non-Indexable","noindex"
"https://anchoredtidesrecovery.com/2022/02/22/","0","","0","Non-Indexable","noindex"
"https://anchoredtidesrecovery.com/2021/05/03/","0","","0","Non-Indexable","noindex"
"https://anchoredtidesrecovery.com/2021/05/24/","0","","0","Non-Indexable","noindex"
"https://anchoredtidesrecovery.com/2025/10/06/","0","","0","Non-Indexable","noindex"
"https://anchoredtidesrecovery.com/2021/10/12/","0","","0","Non-Indexable","noindex"
"https://anchoredtidesrecovery.com/2024/07/22/","0","","0","Non-Indexable","noindex"
"https://anchoredtidesrecovery.com/2024/12/09/","0","","0","Non-Indexable","noindex"
"https://anchoredtidesrecovery.com/2023/11/28/","0","","0","Non-Indexable","noindex"
"https://anchoredtidesrecovery.com/2021/04/09/","0","","0","Non-Indexable","noindex"
"https://anchoredtidesrecovery.com/2021/08/31/","0","","0","Non-Indexable","noindex"
"https://anchoredtidesrecovery.com/2020/09/22/","0","","0","Non-Indexable","noindex"
"https://anchoredtidesrecovery.com/2025/09/04/","0","","0","Non-Indexable","noindex"
"https://anchoredtidesrecovery.com/2024/09/10/","0","","0","Non-Indexable","noindex"
"https://anchoredtidesrecovery.com/2025/04/28/","0","","0","Non-Indexable","noindex"
"https://anchoredtidesrecovery.com/2025/04/11/","0","","0","Non-Indexable","noindex"
"https://anchoredtidesrecovery.com/2021/06/11/","0","","0","Non-Indexable","noindex"
"https://anchoredtidesrecovery.com/2021/08/13/","0","","0","Non-Indexable","noindex"
"https://anchoredtidesrecovery.com/2021/03/16/","0","","0","Non-Indexable","noindex"
"https://anchoredtidesrecovery.com/2022/02/18/","0","","0","Non-Indexable","noindex"
"https://anchoredtidesrecovery.com/2025/12/08/","0","","0","Non-Indexable","noindex"
"https://anchoredtidesrecovery.com/2019/07/24/","0","","0","Non-Indexable","noindex"
"https://anchoredtidesrecovery.com/2024/02/14/","0","","0","Non-Indexable","noindex"
"https://anchoredtidesrecovery.com/2020/05/21/","0","","0","Non-Indexable","noindex"
"https://anchoredtidesrecovery.com/2024/01/17/","0","","0","Non-Indexable","noindex"
"https://anchoredtidesrecovery.com/2021/10/19/","0","","0","Non-Indexable","noindex"
"https://anchoredtidesrecovery.com/2021/10/08/","0","","0","Non-Indexable","noindex"
"https://anchoredtidesrecovery.com/2024/02/13/","0","","0","Non-Indexable","noindex"
"https://anchoredtidesrecovery.com/2021/08/17/","0","","0","Non-Indexable","noindex"
"https://anchoredtidesrecovery.com/2021/11/23/","0","","0","Non-Indexable","noindex"
"https://anchoredtidesrecovery.com/2021/02/16/","0","","0","Non-Indexable","noindex"
"https://anchoredtidesrecovery.com/2021/08/03/","0","","0","Non-Indexable","noindex"
"https://anchoredtidesrecovery.com/2021/04/12/","0","","0","Non-Indexable","noindex"
"https://anchoredtidesrecovery.com/2022/04/08/","0","","0","Non-Indexable","noindex"
"https://anchoredtidesrecovery.com/2024/02/15/","0","","0","Non-Indexable","noindex"
"https://anchoredtidesrecovery.com/2021/09/28/","0","","0","Non-Indexable","noindex"
"https://anchoredtidesrecovery.com/2020/12/15/","0","","0","Non-Indexable","noindex"
"https://anchoredtidesrecovery.com/2024/01/24/","0","","0","Non-Indexable","noindex"
"https://anchoredtidesrecovery.com/2021/06/04/","0","","0","Non-Indexable","noindex"
"https://anchoredtidesrecovery.com/2021/07/16/","0","","0","Non-Indexable","noindex"
"https://anchoredtidesrecovery.com/2021/10/05/","0","","0","Non-Indexable","noindex"
"https://anchoredtidesrecovery.com/2021/04/02/","0","","0","Non-Indexable","noindex"
"https://anchoredtidesrecovery.com/2022/01/25/","0","","0","Non-Indexable","noindex"
"https://anchoredtidesrecovery.com/2022/03/11/","0","","0","Non-Indexable","noindex"
"https://anchoredtidesrecovery.com/2021/06/18/","0","","0","Non-Indexable","noindex"
"https://anchoredtidesrecovery.com/2022/01/15/","0","","0","Non-Indexable","noindex"
"https://anchoredtidesrecovery.com/2020/03/05/","0","","0","Non-Indexable","noindex"
"https://anchoredtidesrecovery.com/2021/10/26/","0","","0","Non-Indexable","noindex"
"https://anchoredtidesrecovery.com/2022/03/01/","0","","0","Non-Indexable","noindex"
"https://anchoredtidesrecovery.com/2025/08/18/","0","","0","Non-Indexable","noindex"
"https://anchoredtidesrecovery.com/2021/12/10/","0","","0","Non-Indexable","noindex"
"https://anchoredtidesrecovery.com/2026/02/13/","0","","0","Non-Indexable","noindex"
"https://anchoredtidesrecovery.com/2021/07/23/","0","","0","Non-Indexable","noindex"
"https://anchoredtidesrecovery.com/2020/07/09/","0","","0","Non-Indexable","noindex"
"https://anchoredtidesrecovery.com/2022/02/25/","0","","0","Non-Indexable","noindex"
"https://anchoredtidesrecovery.com/2022/03/04/","0","","0","Non-Indexable","noindex"
"https://anchoredtidesrecovery.com/2021/09/03/","0","","0","Non-Indexable","noindex"
"https://anchoredtidesrecovery.com/2022/02/08/","0","","0","Non-Indexable","noindex"
"https://anchoredtidesrecovery.com/2021/01/20/","0","","0","Non-Indexable","noindex"
"https://anchoredtidesrecovery.com/2024/01/31/","0","","0","Non-Indexable","noindex"
"https://anchoredtidesrecovery.com/2022/01/07/","0","","0","Non-Indexable","noindex"
"https://anchoredtidesrecovery.com/2021/02/12/","0","","0","Non-Indexable","noindex"
"https://anchoredtidesrecovery.com/2021/11/30/","0","","0","Non-Indexable","noindex"
"https://anchoredtidesrecovery.com/2022/03/15/","0","","0","Non-Indexable","noindex"
"https://anchoredtidesrecovery.com/2024/05/07/","0","","0","Non-Indexable","noindex"
"https://anchoredtidesrecovery.com/2024/01/29/","0","","0","Non-Indexable","noindex"
"https://anchoredtidesrecovery.com/2022/01/18/","0","","0","Non-Indexable","noindex"
"https://anchoredtidesrecovery.com/2022/03/18/","0","","0","Non-Indexable","noindex"
"https://anchoredtidesrecovery.com/2022/01/22/","0","","0","Non-Indexable","noindex"
"https://anchoredtidesrecovery.com/2022/03/22/","0","","0","Non-Indexable","noindex"
"https://anchoredtidesrecovery.com/2024/02/12/","0","","0","Non-Indexable","noindex"
"https://anchoredtidesrecovery.com/2021/11/02/","0","","0","Non-Indexable","noindex"
"https://anchoredtidesrecovery.com/2022/01/28/","0","","0","Non-Indexable","noindex"
"https://anchoredtidesrecovery.com/2022/06/28/","0","","0","Non-Indexable","noindex"
"https://anchoredtidesrecovery.com/2020/06/12/","0","","0","Non-Indexable","noindex"
